Zeitstempel,Smartphone,Einfach QR,Einfach NFC,Einfach BT,Einfach URL,Einfach BLE,Einfach FB,Einfach Whatsapp,Einfach App,Nutzung QR,Nutzung NFC,Nutzung BT,Nutzung URL,Nutzung BLE,Nutzung FB,Nutzung Whatsapp,Nutzung App,Geschlecht,Alter,OS,Kettenhotel,IndivHotel,Kettenrestaurant,IndivRestaurant,KettenCafe,IndivCafe
8/12/2014 19:23:28,Ja,Gut,Befriedigend,Gut,Gut,Keine Angabe,Gut,Gut,Befriedigend,Wenige Male zum Ausprobieren,Wenige Male zum Ausprobieren,ca. 1 x pro Monat,ca. 1 x pro Woche,"Gar nicht, interessiert mich nicht",Wenige Male zum Ausprobieren,ca. 1 x pro Tag,Wenige Male zum Ausprobieren,männich,19 - 25,"Windows, z.B. Nokia, HTC, etc.",ca. 1 x pro Jahr,Selten,ca. 1 x pro Jahr,Selten,ca. 1 x pro Monat,ca. 1 x pro Monat
8/12/2014 19:27:17,Ja,Sehr gut,Gut,Gut,Sehr gut,Keine Angabe,Gut,Gut,Keine Angabe,ca. 1 x pro Monat,Wenige Male zum Ausprobieren,ca. 1 x pro Woche,mehrmals täglich,Wenige Male zum Ausprobieren,mehrmals täglich,mehrmals täglich,Wenige Male zum Ausprobieren,männich,26 - 35,"Android, z.B. Samsung Galaxy",ca. 1 x pro Monat,ca. 1 x pro Monat,ca. 1 x pro Jahr,ca. 1 x pro Jahr,Selten,ca. 1 x pro Monat
8/12/2014 19:30:47,Ja,Gut,Keine Angabe,Sehr gut,Sehr gut,Keine Angabe,Ungenügend,Mangelhaft,Keine Angabe,ca. 1 x pro Woche,"Gar nicht, mein Handy kann das nicht",mehrmals täglich,ca. 1 x pro Tag,"Gar nicht, kenne ich nicht","Gar nicht, interessiert mich nicht",ca. 1 x pro Tag,Wenige Male zum Ausprobieren,männich,19 - 25,"iOS, z.B. Apple iPhone",ca. 1 x pro Monat,ca. 1 x pro Monat,Selten,ca. 1 x pro Jahr,Selten,mehrmals pro Monat
8/12/2014 19:34:22,Ja,Gut,Befriedigend,Befriedigend,Sehr gut,Keine Angabe,Sehr gut,Sehr gut,Mangelhaft,Wenige Male zum Ausprobieren,Wenige Male zum Ausprobieren,mehrmals täglich,mehrmals täglich,"Gar nicht, kenne ich nicht",ca. 1 x pro Tag,mehrmals täglich,ca. 1 x pro Monat,männich,26 - 35,"Android, z.B. Samsung Galaxy",ca. 1 x pro Jahr,ca. 1 x pro Jahr,ca. 1 x pro Jahr,ca. 1 x pro Monat,ca. 1 x pro Jahr,ca. 1 x pro Monat
8/12/2014 19:39:15,Ja,Sehr gut,Gut,Sehr gut,Sehr gut,Gut,Sehr gut,Sehr gut,Gut,ca. 1 x pro Woche,ca. 1 x pro Monat,mehrmals täglich,mehrmals täglich,Wenige Male zum Ausprobieren,mehrmals täglich,mehrmals täglich,ca. 1 x pro Monat,männich,26 - 35,"iOS, z.B. Apple iPhone",ca. 1 x pro Jahr,ca. 1 x pro Jahr,ca. 1 x pro Monat,ca. 1 x pro Monat,mehrmals pro Monat,mehrmals pro Monat
8/12/2014 19:48:06,Ja,Sehr gut,Gut,Gut,Gut,Befriedigend,Befriedigend,Gut,Befriedigend,ca. 1 x pro Monat,Wenige Male zum Ausprobieren,mehrmals täglich,ca. 1 x pro Monat,Wenige Male zum Ausprobieren,mehrmals täglich,mehrmals täglich,"Gar nicht, interessiert mich nicht",männich,26 - 35,"Android, z.B. Samsung Galaxy",Gar nicht,Selten,ca. 1 x pro Jahr,ca. 1 x pro Monat,Gar nicht,ca. 1 x pro Monat
8/12/2014 19:52:01,Ja,Gut,Befriedigend,Befriedigend,Sehr gut,Keine Angabe,Gut,Sehr gut,Keine Angabe,Wenige Male zum Ausprobieren,Wenige Male zum Ausprobieren,ca. 1 x pro Woche,ca. 1 x pro Tag,"Gar nicht, kenne ich nicht",mehrmals täglich,ca. 1 x pro Woche,"Gar nicht, interessiert mich nicht",weiblich,36 - 50,"iOS, z.B. Apple iPhone",Selten,Selten,Gar nicht,Selten,ca. 1 x pro Monat,ca. 1 x pro Monat
8/12/2014 20:03:51,Ja,Sehr gut,Keine Angabe,Keine Angabe,Sehr gut,Keine Angabe,Keine Angabe,Sehr gut,Keine Angabe,ca. 1 x pro Monat,"Gar nicht, kenne ich nicht","Gar nicht, interessiert mich nicht",ca. 1 x pro Monat,"Gar nicht, kenne ich nicht","Gar nicht, interessiert mich nicht",mehrmals täglich,"Gar nicht, interessiert mich nicht",männich,36 - 50,"Android, z.B. Samsung Galaxy",ca. 1 x pro Jahr,ca. 1 x pro Jahr,ca. 1 x pro Monat,ca. 1 x pro Monat,Selten,ca. 1 x pro Monat
8/12/2014 20:04:20,Ja,Befriedigend,Keine Angabe,Gut,Gut,Keine Angabe,Mangelhaft,Mangelhaft,Gut,Wenige Male zum Ausprobieren,"Gar nicht, mein Handy kann das nicht",ca. 1 x pro Tag,Wenige Male zum Ausprobieren,"Gar nicht, kenne ich nicht",Wenige Male zum Ausprobieren,Wenige Male zum Ausprobieren,ca. 1 x pro Monat,männich,26 - 35,"iOS, z.B. Apple iPhone",ca. 1 x pro Monat,ca. 1 x pro Jahr,ca. 1 x pro Monat,ca. 1 x pro Jahr,ca. 1 x pro Monat,ca. 1 x pro Jahr
8/12/2014 20:08:55,Ja,Sehr gut,Sehr gut,Sehr gut,Sehr gut,Keine Angabe,Befriedigend,Sehr gut,Sehr gut,Wenige Male zum Ausprobieren,Wenige Male zum Ausprobieren,ca. 1 x pro Woche,Wenige Male zum Ausprobieren,"Gar nicht, kenne ich nicht","Gar nicht, interessiert mich nicht",mehrmals täglich,Wenige Male zum Ausprobieren,männich,19 - 25,"Android, z.B. Samsung Galaxy",ca. 1 x pro Jahr,Selten,ca. 1 x pro Monat,ca. 1 x pro Monat,ca. 1 x pro Monat,ca. 1 x pro Monat
8/12/2014 20:27:39,Ja,Befriedigend,Keine Angabe,Gut,Gut,Keine Angabe,Ungenügend,Gut,Keine Angabe,Wenige Male zum Ausprobieren,"Gar nicht, kenne ich nicht",Wenige Male zum Ausprobieren,Wenige Male zum Ausprobieren,"Gar nicht, kenne ich nicht",ca. 1 x pro Monat,mehrmals täglich,Wenige Male zum Ausprobieren,männich,26 - 35,"Android, z.B. Samsung Galaxy",ca. 1 x pro Monat,ca. 1 x pro Monat,Selten,mehrmals pro Monat,Selten,ca. 1 x pro Monat
8/12/2014 20:28:49,Ja,Sehr gut,Keine Angabe,Keine Angabe,Keine Angabe,Keine Angabe,Gut,Sehr gut,Keine Angabe,Wenige Male zum Ausprobieren,"Gar nicht, kenne ich nicht","Gar nicht, interessiert mich nicht","Gar nicht, interessiert mich nicht","Gar nicht, kenne ich nicht",ca. 1 x pro Woche,mehrmals täglich,"Gar nicht, interessiert mich nicht",weiblich,26 - 35,"iOS, z.B. Apple iPhone",Selten,Selten,ca. 1 x pro Monat,ca. 1 x pro Monat,ca. 1 x pro Monat,ca. 1 x pro Monat
8/12/2014 20:38:15,Ja,Gut,Gut,Sehr gut,Sehr gut,Ungenügend,Gut,Sehr gut,Keine Angabe,Wenige Male zum Ausprobieren,"Gar nicht, interessiert mich nicht","Gar nicht, interessiert mich nicht","Gar nicht, interessiert mich nicht","Gar nicht, kenne ich nicht",ca. 1 x pro Woche,ca. 1 x pro Tag,"Gar nicht, interessiert mich nicht",männich,26 - 35,"Android, z.B. Samsung Galaxy",ca. 1 x pro Monat,Selten,Selten,ca. 1 x pro Jahr,Gar nicht,ca. 1 x pro Monat
8/12/2014 21:15:08,Ja,Sehr gut,Keine Angabe,Sehr gut,Befriedigend,Keine Angabe,Mangelhaft,Gut,Keine Angabe,ca. 1 x pro Woche,"Gar nicht, interessiert mich nicht",ca. 1 x pro Woche,"Gar nicht, kenne ich nicht",Wenige Male zum Ausprobieren,"Gar nicht, interessiert mich nicht",mehrmals täglich,Wenige Male zum Ausprobieren,männich,26 - 35,"iOS, z.B. Apple iPhone",Selten,Selten,Gar nicht,Selten,Gar nicht,Selten
8/12/2014 21:27:33,Ja,Gut,Keine Angabe,Befriedigend,Sehr gut,Keine Angabe,Keine Angabe,Sehr gut,Keine Angabe,Wenige Male zum Ausprobieren,"Gar nicht, kenne ich nicht",ca. 1 x pro Monat,ca. 1 x pro Woche,"Gar nicht, kenne ich nicht","Gar nicht, interessiert mich nicht",ca. 1 x pro Tag,"Gar nicht, kenne ich nicht",männich,26 - 35,"iOS, z.B. Apple iPhone",ca. 1 x pro Jahr,Selten,ca. 1 x pro Jahr,ca. 1 x pro Jahr,ca. 1 x pro Jahr,ca. 1 x pro Jahr
8/12/2014 21:40:13,Ja,Sehr gut,Sehr gut,Sehr gut,Sehr gut,Keine Angabe,Sehr gut,Sehr gut,Keine Angabe,ca. 1 x pro Monat,"Gar nicht, mein Handy kann das nicht",ca. 1 x pro Monat,mehrmals täglich,"Gar nicht, kenne ich nicht",mehrmals täglich,mehrmals täglich,"Gar nicht, kenne ich nicht",männich,26 - 35,"Android, z.B. Samsung Galaxy",Selten,Selten,ca. 1 x pro Jahr,ca. 1 x pro Monat,ca. 1 x pro Jahr,mehrmals pro Monat
8/12/2014 22:02:47,Ja,Gut,Sehr gut,Sehr gut,Gut,Befriedigend,Gut,Sehr gut,,Wenige Male zum Ausprobieren,ca. 1 x pro Monat,mehrmals täglich,ca. 1 x pro Tag,Wenige Male zum Ausprobieren,mehrmals täglich,mehrmals täglich,"Gar nicht, interessiert mich nicht",männich,26 - 35,"Windows, z.B. Nokia, HTC, etc.",ca. 1 x pro Monat,ca. 1 x pro Jahr,ca. 1 x pro Jahr,mehrmals pro Monat,ca. 1 x pro Jahr,mehrmals pro Monat
8/12/2014 22:11:24,Ja,Befriedigend,Gut,Gut,Gut,Keine Angabe,Sehr gut,Sehr gut,Keine Angabe,Wenige Male zum Ausprobieren,Wenige Male zum Ausprobieren,ca. 1 x pro Woche,"Gar nicht, interessiert mich nicht","Gar nicht, ich weiß nicht wie",ca. 1 x pro Tag,mehrmals täglich,"Gar nicht, interessiert mich nicht",männich,26 - 35,"Android, z.B. Samsung Galaxy",ca. 1 x pro Jahr,ca. 1 x pro Jahr,Gar nicht,ca. 1 x pro Jahr,ca. 1 x pro Monat,mehrmals pro Monat
8/12/2014 22:30:11,Ja,Gut,Keine Angabe,Sehr gut,Keine Angabe,Keine Angabe,Gut,Sehr gut,Gut,Wenige Male zum Ausprobieren,"Gar nicht, kenne ich nicht",ca. 1 x pro Tag,"Gar nicht, kenne ich nicht","Gar nicht, kenne ich nicht",ca. 1 x pro Woche,mehrmals täglich,ca. 1 x pro Monat,männich,26 - 35,"iOS, z.B. Apple iPhone",ca. 1 x pro Jahr,ca. 1 x pro Jahr,ca. 1 x pro Monat,ca. 1 x pro Monat,Gar nicht,ca. 1 x pro Monat
8/12/2014 22:43:28,Ja,Keine Angabe,Keine Angabe,Sehr gut,Gut,Keine Angabe,Befriedigend,Gut,Befriedigend,Wenige Male zum Ausprobieren,"Gar nicht, interessiert mich nicht",mehrmals täglich,ca. 1 x pro Woche,"Gar nicht, interessiert mich nicht",mehrmals täglich,mehrmals täglich,ca. 1 x pro Monat,männich,26 - 35,"iOS, z.B. Apple iPhone",ca. 1 x pro Jahr,ca. 1 x pro Jahr,Selten,ca. 1 x pro Monat,ca. 1 x pro Monat,mehrmals pro Monat
8/13/2014 0:30:45,Ja,Sehr gut,Keine Angabe,Sehr gut,Sehr gut,Keine Angabe,,Sehr gut,Gut,ca. 1 x pro Woche,"Gar nicht, kenne ich nicht",ca. 1 x pro Monat,ca. 1 x pro Monat,"Gar nicht, kenne ich nicht",ca. 1 x pro Woche,mehrmals täglich,ca. 1 x pro Woche,männich,26 - 35,"iOS, z.B. Apple iPhone",Selten,ca. 1 x pro Jahr,mehrmals pro Monat,ca. 1 x pro Monat,ca. 1 x pro Monat,ca. 1 x pro Monat
8/13/2014 6:38:21,Ja,Gut,Sehr gut,Sehr gut,Keine Angabe,Keine Angabe,Befriedigend,Gut,Keine Angabe,Wenige Male zum Ausprobieren,"Gar nicht, mein Handy kann das nicht",ca. 1 x pro Woche,"Gar nicht, kenne ich nicht","Gar nicht, kenne ich nicht",Wenige Male zum Ausprobieren,mehrmals täglich,"Gar nicht, kenne ich nicht",männich,26 - 35,"iOS, z.B. Apple iPhone",Selten,Selten,Selten,Selten,Selten,Selten
8/13/2014 8:47:34,Ja,Keine Angabe,Keine Angabe,Gut,Gut,Keine Angabe,Sehr gut,Sehr gut,Befriedigend,"Gar nicht, kenne ich nicht","Gar nicht, kenne ich nicht",ca. 1 x pro Monat,ca. 1 x pro Monat,"Gar nicht, interessiert mich nicht",ca. 1 x pro Tag,ca. 1 x pro Tag,Wenige Male zum Ausprobieren,männich,26 - 35,"iOS, z.B. Apple iPhone",ca. 1 x pro Monat,ca. 1 x pro Monat,ca. 1 x pro Jahr,ca. 1 x pro Monat,ca. 1 x pro Jahr,ca. 1 x pro Jahr
8/13/2014 8:58:16,Ja,Sehr gut,Befriedigend,Sehr gut,Sehr gut,Keine Angabe,Keine Angabe,Sehr gut,Keine Angabe,ca. 1 x pro Woche,Wenige Male zum Ausprobieren,ca. 1 x pro Tag,ca. 1 x pro Woche,"Gar nicht, kenne ich nicht","Gar nicht, interessiert mich nicht",mehrmals täglich,"Gar nicht, interessiert mich nicht",männich,26 - 35,"Android, z.B. Samsung Galaxy",ca. 1 x pro Jahr,ca. 1 x pro Jahr,Selten,mehrmals pro Monat,mehrmals pro Monat,mehrmals pro Monat
8/13/2014 9:20:17,Ja,Befriedigend,Befriedigend,Gut,Sehr gut,Keine Angabe,Gut,Sehr gut,Befriedigend,Wenige Male zum Ausprobieren,Wenige Male zum Ausprobieren,ca. 1 x pro Monat,ca. 1 x pro Woche,"Gar nicht, kenne ich nicht",ca. 1 x pro Woche,mehrmals täglich,Wenige Male zum Ausprobieren,männich,26 - 35,"Android, z.B. Samsung Galaxy",ca. 1 x pro Monat,ca. 1 x pro Jahr,ca. 1 x pro Monat,ca. 1 x pro Monat,ca. 1 x pro Jahr,ca. 1 x pro Monat
8/13/2014 9:21:22,Ja,Sehr gut,Keine Angabe,Gut,Keine Angabe,Keine Angabe,Mangelhaft,Sehr gut,Gut,Wenige Male zum Ausprobieren,"Gar nicht, kenne ich nicht",ca. 1 x pro Monat,"Gar nicht, kenne ich nicht","Gar nicht, kenne ich nicht","Gar nicht, interessiert mich nicht",mehrmals täglich,Wenige Male zum Ausprobieren,weiblich,26 - 35,"Android, z.B. Samsung Galaxy",Selten,Selten,ca. 1 x pro Monat,ca. 1 x pro Monat,Selten,Selten
8/13/2014 9:22:47,Ja,Keine Angabe,Keine Angabe,Keine Angabe,Gut,Keine Angabe,Gut,Mangelhaft,Befriedigend,Wenige Male zum Ausprobieren,"Gar nicht, kenne ich nicht","Gar nicht, interessiert mich nicht","Gar nicht, interessiert mich nicht","Gar nicht, kenne ich nicht",ca. 1 x pro Monat,ca. 1 x pro Monat,ca. 1 x pro Woche,weiblich,26 - 35,"iOS, z.B. Apple iPhone",ca. 1 x pro Monat,Selten,ca. 1 x pro Monat,ca. 1 x pro Jahr,ca. 1 x pro Jahr,ca. 1 x pro Jahr
8/13/2014 9:26:48,Ja,Keine Angabe,Keine Angabe,Sehr gut,Keine Angabe,Keine Angabe,Gut,Sehr gut,Keine Angabe,"Gar nicht, interessiert mich nicht","Gar nicht, kenne ich nicht",ca. 1 x pro Woche,"Gar nicht, kenne ich nicht","Gar nicht, kenne ich nicht",ca. 1 x pro Monat,mehrmals täglich,"Gar nicht, mein Handy kann das nicht",weiblich,26 - 35,"Android, z.B. Samsung Galaxy",ca. 1 x pro Jahr,ca. 1 x pro Jahr,ca. 1 x pro Monat,ca. 1 x pro Monat,ca. 1 x pro Monat,mehrmals pro Monat
8/13/2014 9:48:18,Ja,Sehr gut,Keine Angabe,Sehr gut,Sehr gut,Keine Angabe,Keine Angabe,Sehr gut,Keine Angabe,"Gar nicht, interessiert mich nicht","Gar nicht, interessiert mich nicht","Gar nicht, interessiert mich nicht","Gar nicht, interessiert mich nicht","Gar nicht, interessiert mich nicht","Gar nicht, interessiert mich nicht",mehrmals täglich,"Gar nicht, interessiert mich nicht",weiblich,19 - 25,"Android, z.B. Samsung Galaxy",Selten,Selten,ca. 1 x pro Monat,ca. 1 x pro Jahr,ca. 1 x pro Monat,ca. 1 x pro Jahr
8/13/2014 10:00:44,Ja,Gut,Keine Angabe,Gut,Sehr gut,Keine Angabe,Gut,Sehr gut,Mangelhaft,Wenige Male zum Ausprobieren,"Gar nicht, mein Handy kann das nicht",mehrmals täglich,mehrmals täglich,"Gar nicht, kenne ich nicht",ca. 1 x pro Tag,mehrmals täglich,Wenige Male zum Ausprobieren,männich,19 - 25,"iOS, z.B. Apple iPhone",Selten,ca. 1 x pro Monat,mehrmals pro Monat,ca. 1 x pro Jahr,ca. 1 x pro Monat,Selten
8/13/2014 10:03:02,Ja,Gut,Gut,Sehr gut,Gut,Keine Angabe,Gut,Keine Angabe,Keine Angabe,Wenige Male zum Ausprobieren,Wenige Male zum Ausprobieren,ca. 1 x pro Monat,ca. 1 x pro Monat,"Gar nicht, kenne ich nicht",mehrmals täglich,"Gar nicht, interessiert mich nicht","Gar nicht, interessiert mich nicht",männich,26 - 35,"Android, z.B. Samsung Galaxy",ca. 1 x pro Jahr,ca. 1 x pro Jahr,ca. 1 x pro Jahr,ca. 1 x pro Monat,Selten,ca. 1 x pro Monat
8/13/2014 10:04:13,Ja,Gut,Befriedigend,Sehr gut,Sehr gut,Keine Angabe,Mangelhaft,Befriedigend,Keine Angabe,Wenige Male zum Ausprobieren,Wenige Male zum Ausprobieren,ca. 1 x pro Tag,ca. 1 x pro Monat,"Gar nicht, ich weiß nicht wie","Gar nicht, kenne ich nicht",ca. 1 x pro Tag,"Gar nicht, interessiert mich nicht",weiblich,26 - 35,"Windows, z.B. Nokia, HTC, etc.",Selten,ca. 1 x pro Jahr,ca. 1 x pro Jahr,ca. 1 x pro Monat,ca. 1 x pro Jahr,ca. 1 x pro Monat
8/13/2014 10:09:02,Ja,Keine Angabe,Keine Angabe,Gut,Gut,Keine Angabe,Keine Angabe,Gut,Keine Angabe,"Gar nicht, interessiert mich nicht","Gar nicht, interessiert mich nicht",ca. 1 x pro Woche,Wenige Male zum Ausprobieren,"Gar nicht, interessiert mich nicht","Gar nicht, interessiert mich nicht",ca. 1 x pro Tag,"Gar nicht, interessiert mich nicht",männich,26 - 35,"Android, z.B. Samsung Galaxy",Selten,ca. 1 x pro Jahr,Selten,ca. 1 x pro Monat,Selten,ca. 1 x pro Monat
8/13/2014 10:14:24,Ja,Befriedigend,Keine Angabe,Gut,Gut,Keine Angabe,Keine Angabe,Gut,Keine Angabe,Wenige Male zum Ausprobieren,"Gar nicht, interessiert mich nicht",ca. 1 x pro Monat,"Gar nicht, interessiert mich nicht","Gar nicht, kenne ich nicht","Gar nicht, interessiert mich nicht",mehrmals täglich,"Gar nicht, kenne ich nicht",männich,26 - 35,"Windows, z.B. Nokia, HTC, etc.",Selten,Selten,ca. 1 x pro Jahr,ca. 1 x pro Monat,Selten,mehrmals pro Monat
8/13/2014 10:30:54,Ja,Gut,Keine Angabe,Gut,Keine Angabe,Keine Angabe,Gut,Gut,Gut,Wenige Male zum Ausprobieren,"Gar nicht, kenne ich nicht",Wenige Male zum Ausprobieren,Wenige Male zum Ausprobieren,"Gar nicht, kenne ich nicht",ca. 1 x pro Woche,mehrmals täglich,ca. 1 x pro Monat,weiblich,26 - 35,"iOS, z.B. Apple iPhone",ca. 1 x pro Jahr,ca. 1 x pro Jahr,ca. 1 x pro Monat,ca. 1 x pro Monat,ca. 1 x pro Monat,ca. 1 x pro Monat
8/13/2014 10:36:13,Ja,Sehr gut,Keine Angabe,Sehr gut,Sehr gut,Keine Angabe,Sehr gut,Sehr gut,Keine Angabe,ca. 1 x pro Monat,"Gar nicht, mein Handy kann das nicht",ca. 1 x pro Monat,mehrmals täglich,"Gar nicht, mein Handy kann das nicht","Gar nicht, interessiert mich nicht",mehrmals täglich,"Gar nicht, kenne ich nicht",männich,26 - 35,"Android, z.B. Samsung Galaxy",Selten,ca. 1 x pro Monat,ca. 1 x pro Monat,ca. 1 x pro Monat,ca. 1 x pro Monat,mehrmals pro Monat
8/13/2014 10:37:11,Ja,Gut,Keine Angabe,Befriedigend,Sehr gut,Keine Angabe,Keine Angabe,Gut,Keine Angabe,Wenige Male zum Ausprobieren,"Gar nicht, mein Handy kann das nicht",ca. 1 x pro Monat,ca. 1 x pro Monat,"Gar nicht, interessiert mich nicht","Gar nicht, interessiert mich nicht",mehrmals täglich,Wenige Male zum Ausprobieren,männich,26 - 35,"iOS, z.B. Apple iPhone",Selten,Selten,ca. 1 x pro Monat,ca. 1 x pro Monat,ca. 1 x pro Monat,ca. 1 x pro Monat
8/13/2014 10:37:36,Ja,Keine Angabe,Keine Angabe,Keine Angabe,Gut,Keine Angabe,Gut,Sehr gut,Befriedigend,"Gar nicht, interessiert mich nicht","Gar nicht, interessiert mich nicht","Gar nicht, interessiert mich nicht",ca. 1 x pro Woche,"Gar nicht, interessiert mich nicht",mehrmals täglich,mehrmals täglich,Wenige Male zum Ausprobieren,männich,26 - 35,"iOS, z.B. Apple iPhone",Selten,ca. 1 x pro Jahr,Selten,ca. 1 x pro Monat,ca. 1 x pro Monat,mehrmals pro Monat
8/13/2014 10:51:26,Ja,Keine Angabe,Keine Angabe,Sehr gut,Keine Angabe,Keine Angabe,Ungenügend,Gut,Gut,"Gar nicht, interessiert mich nicht","Gar nicht, kenne ich nicht",Wenige Male zum Ausprobieren,"Gar nicht, kenne ich nicht","Gar nicht, kenne ich nicht",Wenige Male zum Ausprobieren,mehrmals täglich,ca. 1 x pro Monat,weiblich,19 - 25,"iOS, z.B. Apple iPhone",ca. 1 x pro Jahr,ca. 1 x pro Jahr,ca. 1 x pro Monat,mehrmals pro Monat,ca. 1 x pro Jahr,ca. 1 x pro Monat
8/13/2014 11:07:34,Ja,Keine Angabe,Keine Angabe,Gut,Keine Angabe,Keine Angabe,Befriedigend,Sehr gut,Keine Angabe,"Gar nicht, kenne ich nicht","Gar nicht, kenne ich nicht",Wenige Male zum Ausprobieren,"Gar nicht, interessiert mich nicht","Gar nicht, kenne ich nicht",ca. 1 x pro Woche,mehrmals täglich,"Gar nicht, interessiert mich nicht",weiblich,19 - 25,"iOS, z.B. Apple iPhone",Selten,Selten,Gar nicht,ca. 1 x pro Monat,ca. 1 x pro Monat,ca. 1 x pro Monat
8/13/2014 11:46:11,Ja,Befriedigend,Keine Angabe,Gut,Gut,Keine Angabe,Gut,Gut,Befriedigend,"Gar nicht, interessiert mich nicht","Gar nicht, kenne ich nicht",ca. 1 x pro Monat,ca. 1 x pro Woche,"Gar nicht, kenne ich nicht",mehrmals täglich,mehrmals täglich,Wenige Male zum Ausprobieren,weiblich,26 - 35,"Android, z.B. Samsung Galaxy",ca. 1 x pro Jahr,ca. 1 x pro Jahr,ca. 1 x pro Jahr,mehrmals pro Monat,Selten,mehrmals pro Monat
8/13/2014 12:05:17,Ja,Sehr gut,Keine Angabe,Sehr gut,Sehr gut,Keine Angabe,Sehr gut,Sehr gut,Keine Angabe,Wenige Male zum Ausprobieren,"Gar nicht, interessiert mich nicht",ca. 1 x pro Tag,ca. 1 x pro Monat,"Gar nicht, ich weiß nicht wie",ca. 1 x pro Tag,mehrmals täglich,"Gar nicht, kenne ich nicht",männich,26 - 35,"iOS, z.B. Apple iPhone",ca. 1 x pro Jahr,ca. 1 x pro Jahr,ca. 1 x pro Jahr,ca. 1 x pro Monat,ca. 1 x pro Monat,ca. 1 x pro Monat
8/13/2014 12:08:28,Ja,Befriedigend,Keine Angabe,Gut,Gut,Keine Angabe,Ungenügend,Gut,Keine Angabe,Wenige Male zum Ausprobieren,"Gar nicht, kenne ich nicht",Wenige Male zum Ausprobieren,ca. 1 x pro Monat,"Gar nicht, kenne ich nicht","Gar nicht, interessiert mich nicht",mehrmals täglich,"Gar nicht, interessiert mich nicht",weiblich,19 - 25,"iOS, z.B. Apple iPhone",ca. 1 x pro Monat,ca. 1 x pro Jahr,ca. 1 x pro Jahr,mehrmals pro Monat,Selten,mehrmals pro Monat
8/13/2014 12:09:42,Ja,Sehr gut,Sehr gut,Gut,Gut,Keine Angabe,Keine Angabe,Gut,Gut,ca. 1 x pro Monat,Wenige Male zum Ausprobieren,ca. 1 x pro Monat,ca. 1 x pro Tag,"Gar nicht, mein Handy kann das nicht","Gar nicht, interessiert mich nicht",mehrmals täglich,ca. 1 x pro Monat,männich,26 - 35,"iOS, z.B. Apple iPhone",ca. 1 x pro Jahr,ca. 1 x pro Jahr,Selten,ca. 1 x pro Monat,mehrmals pro Monat,ca. 1 x pro Monat
8/13/2014 12:24:05,Ja,Gut,Befriedigend,Sehr gut,Gut,Keine Angabe,Gut,Gut,Keine Angabe,Wenige Male zum Ausprobieren,Wenige Male zum Ausprobieren,ca. 1 x pro Monat,ca. 1 x pro Tag,"Gar nicht, interessiert mich nicht","Gar nicht, interessiert mich nicht",mehrmals täglich,"Gar nicht, interessiert mich nicht",männich,26 - 35,"Android, z.B. Samsung Galaxy",ca. 1 x pro Jahr,Selten,ca. 1 x pro Jahr,Selten,ca. 1 x pro Monat,Selten
8/13/2014 12:36:17,Ja,Befriedigend,Sehr gut,Sehr gut,Sehr gut,Keine Angabe,Gut,Mangelhaft,Keine Angabe,Wenige Male zum Ausprobieren,ca. 1 x pro Woche,mehrmals täglich,mehrmals täglich,"Gar nicht, interessiert mich nicht",mehrmals täglich,"Gar nicht, interessiert mich nicht","Gar nicht, kenne ich nicht",männich,36 - 50,"Android, z.B. Samsung Galaxy",ca. 1 x pro Jahr,ca. 1 x pro Monat,ca. 1 x pro Jahr,mehrmals pro Monat,ca. 1 x pro Monat,ca. 1 x pro Monat
8/13/2014 12:48:36,Ja,Ungenügend,Gut,Sehr gut,Sehr gut,Gut,Befriedigend,Befriedigend,Mangelhaft,"Gar nicht, interessiert mich nicht",Wenige Male zum Ausprobieren,mehrmals täglich,mehrmals täglich,Wenige Male zum Ausprobieren,ca. 1 x pro Woche,ca. 1 x pro Woche,Wenige Male zum Ausprobieren,männich,26 - 35,"iOS, z.B. Apple iPhone",Selten,mehrmals pro Monat,Selten,mehrmals pro Monat,Selten,mehrmals pro Monat
8/13/2014 12:52:19,Nein,Befriedigend,Gut,Gut,Sehr gut,Keine Angabe,Sehr gut,Sehr gut,Keine Angabe,ca. 1 x pro Monat,ca. 1 x pro Monat,ca. 1 x pro Monat,mehrmals täglich,Wenige Male zum Ausprobieren,mehrmals täglich,mehrmals täglich,Wenige Male zum Ausprobieren,männich,26 - 35,"Android, z.B. Samsung Galaxy",ca. 1 x pro Monat,ca. 1 x pro Jahr,Selten,ca. 1 x pro Monat,Selten,ca. 1 x pro Jahr
8/13/2014 13:03:30,Ja,Keine Angabe,Keine Angabe,Keine Angabe,Keine Angabe,Keine Angabe,Gut,Sehr gut,Keine Angabe,"Gar nicht, kenne ich nicht","Gar nicht, kenne ich nicht","Gar nicht, kenne ich nicht",Wenige Male zum Ausprobieren,"Gar nicht, kenne ich nicht",ca. 1 x pro Woche,mehrmals täglich,"Gar nicht, interessiert mich nicht",weiblich,51 - 65,"Android, z.B. Samsung Galaxy",Gar nicht,ca. 1 x pro Jahr,Selten,Selten,Selten,ca. 1 x pro Monat
8/13/2014 13:10:57,Ja,Keine Angabe,Keine Angabe,Gut,Keine Angabe,Keine Angabe,Befriedigend,Gut,Keine Angabe,"Gar nicht, kenne ich nicht","Gar nicht, kenne ich nicht",Wenige Male zum Ausprobieren,"Gar nicht, kenne ich nicht","Gar nicht, kenne ich nicht",mehrmals täglich,mehrmals täglich,Wenige Male zum Ausprobieren,weiblich,26 - 35,"iOS, z.B. Apple iPhone",ca. 1 x pro Jahr,ca. 1 x pro Jahr,ca. 1 x pro Monat,mehrmals pro Monat,mehrmals pro Monat,ca. 1 x pro Monat
8/13/2014 13:11:19,Ja,Keine Angabe,Keine Angabe,Gut,Gut,Keine Angabe,Keine Angabe,Keine Angabe,Keine Angabe,"Gar nicht, interessiert mich nicht","Gar nicht, interessiert mich nicht",mehrmals täglich,ca. 1 x pro Tag,"Gar nicht, interessiert mich nicht","Gar nicht, interessiert mich nicht","Gar nicht, interessiert mich nicht","Gar nicht, interessiert mich nicht",männich,26 - 35,"iOS, z.B. Apple iPhone",Gar nicht,ca. 1 x pro Monat,Gar nicht,mehrmals pro Monat,Gar nicht,mehrmals pro Monat
8/13/2014 13:12:18,Ja,Keine Angabe,Keine Angabe,Gut,Gut,Keine Angabe,Sehr gut,Sehr gut,Sehr gut,"Gar nicht, interessiert mich nicht","Gar nicht, interessiert mich nicht","Gar nicht, interessiert mich nicht",Wenige Male zum Ausprobieren,"Gar nicht, interessiert mich nicht",mehrmals täglich,mehrmals täglich,ca. 1 x pro Woche,männich,51 - 65,"Windows, z.B. Nokia, HTC, etc.",Selten,Selten,ca. 1 x pro Jahr,ca. 1 x pro Monat,mehrmals pro Monat,mehrmals pro Monat
8/13/2014 13:20:09,Ja,Keine Angabe,Keine Angabe,Keine Angabe,Keine Angabe,Keine Angabe,Keine Angabe,Keine Angabe,Keine Angabe,"Gar nicht, interessiert mich nicht","Gar nicht, interessiert mich nicht","Gar nicht, interessiert mich nicht","Gar nicht, interessiert mich nicht","Gar nicht, interessiert mich nicht","Gar nicht, interessiert mich nicht","Gar nicht, interessiert mich nicht","Gar nicht, interessiert mich nicht",weiblich,26 - 35,"Windows, z.B. Nokia, HTC, etc.",Selten,Selten,Selten,Selten,Selten,Selten
8/13/2014 13:21:11,Ja,Ungenügend,Sehr gut,Gut,Ungenügend,Keine Angabe,Mangelhaft,Gut,Keine Angabe,"Gar nicht, interessiert mich nicht",ca. 1 x pro Monat,ca. 1 x pro Woche,"Gar nicht, interessiert mich nicht","Gar nicht, kenne ich nicht",ca. 1 x pro Woche,mehrmals täglich,Wenige Male zum Ausprobieren,männich,19 - 25,"Android, z.B. Samsung Galaxy",Selten,Selten,ca. 1 x pro Jahr,ca. 1 x pro Monat,ca. 1 x pro Monat,mehrmals pro Monat
8/13/2014 13:22:16,Ja,Keine Angabe,Keine Angabe,Gut,Gut,Keine Angabe,Gut,Sehr gut,Befriedigend,"Gar nicht, kenne ich nicht","Gar nicht, kenne ich nicht",Wenige Male zum Ausprobieren,Wenige Male zum Ausprobieren,"Gar nicht, kenne ich nicht",mehrmals täglich,mehrmals täglich,Wenige Male zum Ausprobieren,weiblich,26 - 35,"Android, z.B. Samsung Galaxy",ca. 1 x pro Jahr,,ca. 1 x pro Jahr,ca. 1 x pro Monat,mehrmals pro Monat,Selten
8/13/2014 13:22:31,Nein,Keine Angabe,Keine Angabe,Keine Angabe,Keine Angabe,Keine Angabe,Keine Angabe,Keine Angabe,Keine Angabe,"Gar nicht, kenne ich nicht","Gar nicht, kenne ich nicht","Gar nicht, kenne ich nicht","Gar nicht, kenne ich nicht","Gar nicht, kenne ich nicht","Gar nicht, kenne ich nicht","Gar nicht, kenne ich nicht","Gar nicht, kenne ich nicht",weiblich,51 - 65,,ca. 1 x pro Jahr,ca. 1 x pro Jahr,Selten,Selten,Selten,Selten
8/13/2014 13:53:03,Ja,Mangelhaft,Befriedigend,Gut,Mangelhaft,Keine Angabe,Gut,Mangelhaft,Keine Angabe,Wenige Male zum Ausprobieren,"Gar nicht, mein Handy kann das nicht",mehrmals täglich,mehrmals täglich,"Gar nicht, interessiert mich nicht",mehrmals täglich,ca. 1 x pro Woche,"Gar nicht, interessiert mich nicht",männich,26 - 35,"iOS, z.B. Apple iPhone",ca. 1 x pro Monat,ca. 1 x pro Monat,mehrmals pro Monat,mehrmals pro Monat,mehrmals pro Monat,mehrmals pro Monat
8/13/2014 13:58:09,Nein,Keine Angabe,Keine Angabe,Keine Angabe,Keine Angabe,Keine Angabe,Keine Angabe,Keine Angabe,Keine Angabe,"Gar nicht, mein Handy kann das nicht","Gar nicht, mein Handy kann das nicht","Gar nicht, mein Handy kann das nicht","Gar nicht, mein Handy kann das nicht","Gar nicht, mein Handy kann das nicht","Gar nicht, mein Handy kann das nicht","Gar nicht, mein Handy kann das nicht","Gar nicht, mein Handy kann das nicht",männich,51 - 65,,Gar nicht,Gar nicht,ca. 1 x pro Jahr,Gar nicht,Selten,mehrmals pro Monat
8/13/2014 14:09:30,Ja,Sehr gut,Befriedigend,Befriedigend,Mangelhaft,Keine Angabe,Gut,Sehr gut,Keine Angabe,Wenige Male zum Ausprobieren,"Gar nicht, interessiert mich nicht",ca. 1 x pro Monat,ca. 1 x pro Monat,"Gar nicht, kenne ich nicht",mehrmals täglich,mehrmals täglich,Wenige Male zum Ausprobieren,männich,26 - 35,"Android, z.B. Samsung Galaxy",ca. 1 x pro Jahr,Selten,ca. 1 x pro Jahr,ca. 1 x pro Monat,ca. 1 x pro Jahr,mehrmals pro Monat
8/13/2014 14:14:59,Ja,Gut,Gut,Sehr gut,Befriedigend,Gut,Gut,Keine Angabe,Gut,ca. 1 x pro Monat,ca. 1 x pro Woche,ca. 1 x pro Woche,ca. 1 x pro Monat,ca. 1 x pro Tag,"Gar nicht, mein Handy kann das nicht",ca. 1 x pro Tag,"Gar nicht, ich weiß nicht wie",männich,36 - 50,"iOS, z.B. Apple iPhone",ca. 1 x pro Jahr,ca. 1 x pro Monat,,ca. 1 x pro Monat,Gar nicht,Gar nicht
8/13/2014 14:21:10,Ja,Keine Angabe,Keine Angabe,Keine Angabe,Keine Angabe,Keine Angabe,Keine Angabe,Gut,Keine Angabe,Wenige Male zum Ausprobieren,"Gar nicht, interessiert mich nicht","Gar nicht, interessiert mich nicht","Gar nicht, interessiert mich nicht","Gar nicht, interessiert mich nicht","Gar nicht, interessiert mich nicht",mehrmals täglich,"Gar nicht, interessiert mich nicht",männich,19 - 25,"Android, z.B. Samsung Galaxy",ca. 1 x pro Jahr,ca. 1 x pro Jahr,ca. 1 x pro Monat,Gar nicht,Selten,Gar nicht
8/13/2014 14:25:13,Ja,Keine Angabe,Keine Angabe,Sehr gut,Befriedigend,Keine Angabe,Gut,Gut,Mangelhaft,"Gar nicht, kenne ich nicht","Gar nicht, kenne ich nicht",ca. 1 x pro Tag,ca. 1 x pro Monat,"Gar nicht, kenne ich nicht",ca. 1 x pro Tag,mehrmals täglich,Wenige Male zum Ausprobieren,weiblich,26 - 35,"iOS, z.B. Apple iPhone",ca. 1 x pro Jahr,ca. 1 x pro Jahr,Selten,mehrmals pro Monat,Selten,ca. 1 x pro Monat
8/13/2014 14:53:53,Ja,Gut,Sehr gut,Gut,Mangelhaft,Ungenügend,Ungenügend,Mangelhaft,Mangelhaft,Wenige Male zum Ausprobieren,Wenige Male zum Ausprobieren,mehrmals täglich,Wenige Male zum Ausprobieren,Wenige Male zum Ausprobieren,Wenige Male zum Ausprobieren,ca. 1 x pro Tag,Wenige Male zum Ausprobieren,männich,26 - 35,"Android, z.B. Samsung Galaxy",ca. 1 x pro Jahr,Selten,ca. 1 x pro Jahr,ca. 1 x pro Monat,Gar nicht,mehrmals pro Monat
8/13/2014 14:57:44,Ja,Gut,Keine Angabe,Gut,Sehr gut,Keine Angabe,Sehr gut,Sehr gut,Keine Angabe,Wenige Male zum Ausprobieren,"Gar nicht, kenne ich nicht",Wenige Male zum Ausprobieren,Wenige Male zum Ausprobieren,"Gar nicht, kenne ich nicht",mehrmals täglich,mehrmals täglich,Wenige Male zum Ausprobieren,männich,26 - 35,"Android, z.B. Samsung Galaxy",ca. 1 x pro Jahr,Selten,Selten,Selten,ca. 1 x pro Monat,ca. 1 x pro Monat
8/13/2014 15:18:12,Ja,Keine Angabe,Keine Angabe,Gut,Gut,Keine Angabe,Befriedigend,Sehr gut,Keine Angabe,"Gar nicht, kenne ich nicht","Gar nicht, kenne ich nicht",Wenige Male zum Ausprobieren,ca. 1 x pro Monat,"Gar nicht, kenne ich nicht",Wenige Male zum Ausprobieren,mehrmals täglich,Wenige Male zum Ausprobieren,weiblich,26 - 35,"Android, z.B. Samsung Galaxy",Selten,ca. 1 x pro Jahr,Selten,ca. 1 x pro Monat,Selten,ca. 1 x pro Monat
8/13/2014 15:38:14,Ja,Sehr gut,Keine Angabe,Gut,Gut,Keine Angabe,Befriedigend,Sehr gut,Befriedigend,Wenige Male zum Ausprobieren,"Gar nicht, kenne ich nicht",ca. 1 x pro Monat,ca. 1 x pro Monat,"Gar nicht, kenne ich nicht",ca. 1 x pro Monat,mehrmals täglich,Wenige Male zum Ausprobieren,männich,36 - 50,"iOS, z.B. Apple iPhone",Gar nicht,ca. 1 x pro Jahr,ca. 1 x pro Jahr,mehrmals pro Monat,ca. 1 x pro Jahr,ca. 1 x pro Monat
8/13/2014 16:38:18,Ja,Keine Angabe,Keine Angabe,Sehr gut,Keine Angabe,Keine Angabe,Sehr gut,Sehr gut,Keine Angabe,"Gar nicht, kenne ich nicht","Gar nicht, kenne ich nicht","Gar nicht, interessiert mich nicht","Gar nicht, kenne ich nicht","Gar nicht, kenne ich nicht",ca. 1 x pro Tag,mehrmals täglich,"Gar nicht, kenne ich nicht",weiblich,26 - 35,"iOS, z.B. Apple iPhone",ca. 1 x pro Jahr,ca. 1 x pro Jahr,ca. 1 x pro Jahr,ca. 1 x pro Jahr,ca. 1 x pro Jahr,ca. 1 x pro Jahr
8/13/2014 16:47:22,Ja,Keine Angabe,Keine Angabe,Gut,Keine Angabe,Keine Angabe,Keine Angabe,Gut,Keine Angabe,"Gar nicht, kenne ich nicht","Gar nicht, kenne ich nicht",Wenige Male zum Ausprobieren,"Gar nicht, kenne ich nicht","Gar nicht, kenne ich nicht","Gar nicht, kenne ich nicht",ca. 1 x pro Woche,"Gar nicht, interessiert mich nicht",weiblich,36 - 50,"iOS, z.B. Apple iPhone",Selten,ca. 1 x pro Monat,ca. 1 x pro Jahr,ca. 1 x pro Monat,ca. 1 x pro Jahr,ca. 1 x pro Monat
8/13/2014 17:10:42,Ja,Keine Angabe,Keine Angabe,Keine Angabe,Keine Angabe,Keine Angabe,Gut,Gut,Keine Angabe,"Gar nicht, kenne ich nicht","Gar nicht, kenne ich nicht","Gar nicht, interessiert mich nicht","Gar nicht, kenne ich nicht","Gar nicht, kenne ich nicht",mehrmals täglich,mehrmals täglich,"Gar nicht, kenne ich nicht",weiblich,19 - 25,"Android, z.B. Samsung Galaxy",Gar nicht,Gar nicht,Gar nicht,Gar nicht,Gar nicht,Gar nicht
8/13/2014 17:33:34,Ja,Gut,Keine Angabe,Sehr gut,Befriedigend,Keine Angabe,Gut,Sehr gut,Gut,Wenige Male zum Ausprobieren,"Gar nicht, mein Handy kann das nicht",ca. 1 x pro Monat,ca. 1 x pro Woche,"Gar nicht, kenne ich nicht",ca. 1 x pro Tag,mehrmals täglich,ca. 1 x pro Monat,männich,26 - 35,"iOS, z.B. Apple iPhone",ca. 1 x pro Monat,ca. 1 x pro Jahr,ca. 1 x pro Monat,mehrmals pro Monat,mehrmals pro Monat,mehrmals pro Monat
8/13/2014 18:34:12,Ja,Sehr gut,Keine Angabe,Befriedigend,Keine Angabe,Keine Angabe,Keine Angabe,Sehr gut,Keine Angabe,Wenige Male zum Ausprobieren,"Gar nicht, kenne ich nicht",Wenige Male zum Ausprobieren,"Gar nicht, kenne ich nicht","Gar nicht, kenne ich nicht","Gar nicht, interessiert mich nicht",mehrmals täglich,"Gar nicht, interessiert mich nicht",weiblich,36 - 50,"Android, z.B. Samsung Galaxy",Selten,Selten,ca. 1 x pro Monat,ca. 1 x pro Monat,ca. 1 x pro Monat,ca. 1 x pro Monat
8/13/2014 18:38:43,Ja,Gut,Keine Angabe,Sehr gut,Sehr gut,Keine Angabe,Gut,Gut,Befriedigend,ca. 1 x pro Woche,"Gar nicht, kenne ich nicht",mehrmals täglich,mehrmals täglich,"Gar nicht, kenne ich nicht",mehrmals täglich,ca. 1 x pro Woche,ca. 1 x pro Monat,männich,36 - 50,"iOS, z.B. Apple iPhone",Gar nicht,ca. 1 x pro Jahr,ca. 1 x pro Monat,mehrmals pro Monat,ca. 1 x pro Jahr,ca. 1 x pro Monat
8/13/2014 18:55:07,Ja,Gut,Keine Angabe,Gut,Keine Angabe,Keine Angabe,Keine Angabe,Sehr gut,Keine Angabe,Wenige Male zum Ausprobieren,"Gar nicht, kenne ich nicht",Wenige Male zum Ausprobieren,"Gar nicht, kenne ich nicht","Gar nicht, kenne ich nicht","Gar nicht, interessiert mich nicht",mehrmals täglich,"Gar nicht, interessiert mich nicht",männich,26 - 35,"Windows, z.B. Nokia, HTC, etc.",ca. 1 x pro Monat,ca. 1 x pro Jahr,ca. 1 x pro Jahr,ca. 1 x pro Monat,Selten,ca. 1 x pro Monat
8/13/2014 19:00:56,Ja,Gut,Gut,Sehr gut,Keine Angabe,Keine Angabe,Keine Angabe,Sehr gut,Keine Angabe,ca. 1 x pro Monat,Wenige Male zum Ausprobieren,ca. 1 x pro Woche,"Gar nicht, kenne ich nicht","Gar nicht, kenne ich nicht","Gar nicht, interessiert mich nicht",mehrmals täglich,Wenige Male zum Ausprobieren,weiblich,36 - 50,"Android, z.B. Samsung Galaxy",mehrmals pro Monat,Selten,ca. 1 x pro Jahr,mehrmals pro Monat,Selten,mehrmals pro Monat
8/13/2014 19:17:45,Ja,Keine Angabe,Keine Angabe,Keine Angabe,Keine Angabe,Keine Angabe,Gut,Gut,Keine Angabe,"Gar nicht, kenne ich nicht","Gar nicht, kenne ich nicht","Gar nicht, kenne ich nicht","Gar nicht, kenne ich nicht","Gar nicht, kenne ich nicht",ca. 1 x pro Tag,ca. 1 x pro Tag,"Gar nicht, kenne ich nicht",weiblich,51 - 65,"iOS, z.B. Apple iPhone",Gar nicht,Gar nicht,Gar nicht,Gar nicht,Gar nicht,Gar nicht
8/13/2014 19:24:36,Ja,Befriedigend,Befriedigend,Befriedigend,Befriedigend,Keine Angabe,Keine Angabe,Keine Angabe,Keine Angabe,ca. 1 x pro Monat,"Gar nicht, ich weiß nicht wie",Wenige Male zum Ausprobieren,ca. 1 x pro Woche,"Gar nicht, kenne ich nicht","Gar nicht, interessiert mich nicht","Gar nicht, interessiert mich nicht","Gar nicht, kenne ich nicht",männich,36 - 50,"Android, z.B. Samsung Galaxy",mehrmals pro Monat,ca. 1 x pro Jahr,mehrmals pro Monat,ca. 1 x pro Jahr,Selten,ca. 1 x pro Jahr
8/13/2014 19:26:12,Ja,Gut,Keine Angabe,Gut,Gut,Keine Angabe,Gut,Gut,Gut,Wenige Male zum Ausprobieren,"Gar nicht, kenne ich nicht",Wenige Male zum Ausprobieren,Wenige Male zum Ausprobieren,"Gar nicht, kenne ich nicht",ca. 1 x pro Tag,mehrmals täglich,Wenige Male zum Ausprobieren,männich,26 - 35,"iOS, z.B. Apple iPhone",Selten,ca. 1 x pro Jahr,Selten,ca. 1 x pro Jahr,ca. 1 x pro Jahr,ca. 1 x pro Jahr
8/13/2014 19:43:12,Ja,Gut,Keine Angabe,Sehr gut,Keine Angabe,Keine Angabe,Sehr gut,Sehr gut,Keine Angabe,Wenige Male zum Ausprobieren,"Gar nicht, ich weiß nicht wie",ca. 1 x pro Woche,"Gar nicht, interessiert mich nicht","Gar nicht, interessiert mich nicht",ca. 1 x pro Tag,mehrmals täglich,"Gar nicht, interessiert mich nicht",weiblich,26 - 35,"Android, z.B. Samsung Galaxy",ca. 1 x pro Monat,ca. 1 x pro Jahr,ca. 1 x pro Monat,ca. 1 x pro Monat,ca. 1 x pro Monat,ca. 1 x pro Monat
8/13/2014 20:14:09,Ja,Keine Angabe,Keine Angabe,Gut,Gut,Keine Angabe,Mangelhaft,Befriedigend,Keine Angabe,"Gar nicht, kenne ich nicht","Gar nicht, kenne ich nicht",Wenige Male zum Ausprobieren,ca. 1 x pro Woche,"Gar nicht, kenne ich nicht",mehrmals täglich,mehrmals täglich,"Gar nicht, interessiert mich nicht",weiblich,19 - 25,"Android, z.B. Samsung Galaxy",mehrmals pro Monat,Selten,ca. 1 x pro Monat,ca. 1 x pro Monat,mehrmals pro Monat,Selten
8/14/2014 0:05:56,Ja,Keine Angabe,Keine Angabe,Befriedigend,Befriedigend,Keine Angabe,Befriedigend,Sehr gut,Befriedigend,"Gar nicht, kenne ich nicht","Gar nicht, kenne ich nicht",Wenige Male zum Ausprobieren,Wenige Male zum Ausprobieren,"Gar nicht, kenne ich nicht",ca. 1 x pro Tag,mehrmals täglich,ca. 1 x pro Monat,weiblich,26 - 35,"Android, z.B. Samsung Galaxy",Selten,ca. 1 x pro Jahr,Selten,ca. 1 x pro Monat,ca. 1 x pro Monat,ca. 1 x pro Monat
8/14/2014 10:19:57,Ja,Befriedigend,Keine Angabe,Sehr gut,Sehr gut,Keine Angabe,Ungenügend,Sehr gut,Keine Angabe,ca. 1 x pro Monat,"Gar nicht, mein Handy kann das nicht",mehrmals täglich,mehrmals täglich,"Gar nicht, kenne ich nicht",ca. 1 x pro Monat,mehrmals täglich,Wenige Male zum Ausprobieren,männich,26 - 35,"iOS, z.B. Apple iPhone",ca. 1 x pro Jahr,Selten,ca. 1 x pro Monat,Selten,Gar nicht,ca. 1 x pro Monat
8/14/2014 21:42:01,Ja,Gut,Gut,Gut,Keine Angabe,Keine Angabe,Befriedigend,Sehr gut,Gut,Wenige Male zum Ausprobieren,Wenige Male zum Ausprobieren,ca. 1 x pro Tag,"Gar nicht, kenne ich nicht","Gar nicht, kenne ich nicht",Wenige Male zum Ausprobieren,mehrmals täglich,ca. 1 x pro Monat,männich,26 - 35,"Android, z.B. Samsung Galaxy",Selten,Selten,ca. 1 x pro Jahr,ca. 1 x pro Monat,Selten,Selten
8/14/2014 23:18:24,Ja,Befriedigend,Keine Angabe,Sehr gut,Gut,Keine Angabe,Gut,Sehr gut,Gut,Wenige Male zum Ausprobieren,"Gar nicht, kenne ich nicht",ca. 1 x pro Woche,ca. 1 x pro Woche,"Gar nicht, kenne ich nicht",ca. 1 x pro Woche,ca. 1 x pro Woche,ca. 1 x pro Monat,männich,36 - 50,"Android, z.B. Samsung Galaxy",Selten,Selten,ca. 1 x pro Jahr,ca. 1 x pro Jahr,,mehrmals pro Monat
8/14/2014 23:28:46,Ja,Sehr gut,Keine Angabe,Gut,Gut,Keine Angabe,Gut,Gut,Keine Angabe,ca. 1 x pro Monat,Wenige Male zum Ausprobieren,ca. 1 x pro Woche,ca. 1 x pro Woche,"Gar nicht, ich weiß nicht wie",mehrmals täglich,mehrmals täglich,"Gar nicht, interessiert mich nicht",weiblich,26 - 35,"iOS, z.B. Apple iPhone",Gar nicht,Gar nicht,Gar nicht,Gar nicht,Gar nicht,Selten
8/15/2014 8:43:42,Ja,Sehr gut,Keine Angabe,Sehr gut,Sehr gut,Keine Angabe,Befriedigend,Sehr gut,Gut,ca. 1 x pro Monat,"Gar nicht, kenne ich nicht",ca. 1 x pro Woche,mehrmals täglich,"Gar nicht, kenne ich nicht","Gar nicht, interessiert mich nicht",mehrmals täglich,Wenige Male zum Ausprobieren,weiblich,26 - 35,"iOS, z.B. Apple iPhone",ca. 1 x pro Jahr,Gar nicht,ca. 1 x pro Jahr,ca. 1 x pro Monat,ca. 1 x pro Monat,mehrmals pro Monat
8/15/2014 10:00:04,Ja,Keine Angabe,Keine Angabe,Sehr gut,Gut,Keine Angabe,Keine Angabe,Sehr gut,Keine Angabe,Wenige Male zum Ausprobieren,"Gar nicht, interessiert mich nicht",mehrmals täglich,ca. 1 x pro Monat,"Gar nicht, kenne ich nicht","Gar nicht, interessiert mich nicht",mehrmals täglich,Wenige Male zum Ausprobieren,männich,36 - 50,"Android, z.B. Samsung Galaxy",Selten,Selten,ca. 1 x pro Jahr,ca. 1 x pro Monat,Selten,mehrmals pro Monat
8/15/2014 10:00:14,Ja,Gut,Keine Angabe,Sehr gut,Sehr gut,Keine Angabe,Gut,Keine Angabe,Mangelhaft,ca. 1 x pro Woche,"Gar nicht, mein Handy kann das nicht",mehrmals täglich,mehrmals täglich,"Gar nicht, ich weiß nicht wie",mehrmals täglich,"Gar nicht, interessiert mich nicht",Wenige Male zum Ausprobieren,männich,36 - 50,"iOS, z.B. Apple iPhone",Selten,ca. 1 x pro Jahr,Selten,ca. 1 x pro Monat,Selten,ca. 1 x pro Monat
8/15/2014 10:32:28,Ja,Befriedigend,Keine Angabe,Sehr gut,Gut,Keine Angabe,Keine Angabe,Gut,Keine Angabe,Wenige Male zum Ausprobieren,"Gar nicht, kenne ich nicht",mehrmals täglich,Wenige Male zum Ausprobieren,"Gar nicht, kenne ich nicht","Gar nicht, interessiert mich nicht",ca. 1 x pro Woche,Wenige Male zum Ausprobieren,männich,51 - 65,"iOS, z.B. Apple iPhone",ca. 1 x pro Monat,Selten,Selten,mehrmals pro Monat,Selten,mehrmals pro Monat
8/15/2014 11:12:11,Ja,Befriedigend,Keine Angabe,Keine Angabe,Sehr gut,Keine Angabe,Sehr gut,Sehr gut,Ungenügend,Wenige Male zum Ausprobieren,"Gar nicht, mein Handy kann das nicht",Wenige Male zum Ausprobieren,ca. 1 x pro Tag,"Gar nicht, mein Handy kann das nicht",ca. 1 x pro Tag,ca. 1 x pro Tag,"Gar nicht, interessiert mich nicht",männich,36 - 50,"Android, z.B. Samsung Galaxy",Selten,Selten,Selten,ca. 1 x pro Monat,ca. 1 x pro Monat,mehrmals pro Monat
8/15/2014 11:53:08,Ja,Befriedigend,Keine Angabe,Gut,Gut,Keine Angabe,Befriedigend,Gut,Gut,Wenige Male zum Ausprobieren,"Gar nicht, interessiert mich nicht",ca. 1 x pro Woche,ca. 1 x pro Monat,"Gar nicht, interessiert mich nicht",ca. 1 x pro Monat,ca. 1 x pro Woche,Wenige Male zum Ausprobieren,weiblich,36 - 50,"iOS, z.B. Apple iPhone",Gar nicht,Selten,Selten,Selten,ca. 1 x pro Jahr,ca. 1 x pro Monat
8/15/2014 11:59:39,Ja,Keine Angabe,Keine Angabe,Keine Angabe,Keine Angabe,Keine Angabe,Keine Angabe,Keine Angabe,Keine Angabe,"Gar nicht, mein Handy kann das nicht","Gar nicht, mein Handy kann das nicht",Wenige Male zum Ausprobieren,"Gar nicht, interessiert mich nicht","Gar nicht, interessiert mich nicht","Gar nicht, interessiert mich nicht","Gar nicht, interessiert mich nicht","Gar nicht, interessiert mich nicht",männich,26 - 35,"Windows, z.B. Nokia, HTC, etc.",Gar nicht,Gar nicht,Gar nicht,Gar nicht,Gar nicht,Gar nicht
8/15/2014 12:09:04,Ja,Befriedigend,Mangelhaft,Befriedigend,Mangelhaft,Mangelhaft,Gut,Sehr gut,Befriedigend,"Gar nicht, interessiert mich nicht","Gar nicht, kenne ich nicht",Wenige Male zum Ausprobieren,"Gar nicht, kenne ich nicht","Gar nicht, kenne ich nicht",mehrmals täglich,mehrmals täglich,Wenige Male zum Ausprobieren,weiblich,19 - 25,"Android, z.B. Samsung Galaxy",Gar nicht,Selten,Selten,ca. 1 x pro Monat,ca. 1 x pro Jahr,ca. 1 x pro Monat
8/15/2014 14:10:36,Ja,Sehr gut,Sehr gut,Gut,Gut,Keine Angabe,Keine Angabe,Gut,Gut,Wenige Male zum Ausprobieren,Wenige Male zum Ausprobieren,"Gar nicht, interessiert mich nicht",Wenige Male zum Ausprobieren,"Gar nicht, kenne ich nicht","Gar nicht, interessiert mich nicht",mehrmals täglich,Wenige Male zum Ausprobieren,männich,36 - 50,"iOS, z.B. Apple iPhone",ca. 1 x pro Jahr,ca. 1 x pro Jahr,ca. 1 x pro Jahr,mehrmals pro Monat,ca. 1 x pro Jahr,ca. 1 x pro Monat
8/15/2014 14:18:54,Ja,Keine Angabe,Keine Angabe,Befriedigend,Sehr gut,Keine Angabe,Keine Angabe,Keine Angabe,Gut,"Gar nicht, interessiert mich nicht","Gar nicht, interessiert mich nicht",Wenige Male zum Ausprobieren,mehrmals täglich,"Gar nicht, ich weiß nicht wie","Gar nicht, interessiert mich nicht","Gar nicht, interessiert mich nicht",ca. 1 x pro Monat,männich,51 - 65,"Android, z.B. Samsung Galaxy",ca. 1 x pro Monat,ca. 1 x pro Jahr,Selten,ca. 1 x pro Monat,Selten,ca. 1 x pro Monat
8/15/2014 15:35:09,Nein,Keine Angabe,Keine Angabe,Keine Angabe,Keine Angabe,Keine Angabe,Sehr gut,,Keine Angabe,"Gar nicht, kenne ich nicht","Gar nicht, kenne ich nicht","Gar nicht, kenne ich nicht","Gar nicht, kenne ich nicht","Gar nicht, kenne ich nicht","Gar nicht, kenne ich nicht",mehrmals täglich,"Gar nicht, kenne ich nicht",weiblich,36 - 50,"iOS, z.B. Apple iPhone",Gar nicht,Selten,Gar nicht,ca. 1 x pro Jahr,ca. 1 x pro Jahr,ca. 1 x pro Monat
8/15/2014 18:06:42,Ja,Sehr gut,Keine Angabe,Befriedigend,Gut,Keine Angabe,Keine Angabe,Keine Angabe,Keine Angabe,Wenige Male zum Ausprobieren,"Gar nicht, interessiert mich nicht","Gar nicht, interessiert mich nicht","Gar nicht, interessiert mich nicht","Gar nicht, interessiert mich nicht","Gar nicht, interessiert mich nicht","Gar nicht, interessiert mich nicht","Gar nicht, interessiert mich nicht",männich,36 - 50,"Android, z.B. Samsung Galaxy",Gar nicht,Gar nicht,Gar nicht,Selten,Gar nicht,Selten
8/15/2014 19:57:11,Ja,Keine Angabe,Keine Angabe,Gut,Keine Angabe,Keine Angabe,Sehr gut,Sehr gut,Keine Angabe,"Gar nicht, kenne ich nicht","Gar nicht, kenne ich nicht","Gar nicht, interessiert mich nicht","Gar nicht, kenne ich nicht","Gar nicht, kenne ich nicht",mehrmals täglich,mehrmals täglich,"Gar nicht, interessiert mich nicht",weiblich,26 - 35,"Android, z.B. Samsung Galaxy",Selten,Selten,Selten,ca. 1 x pro Monat,ca. 1 x pro Jahr,ca. 1 x pro Jahr
8/15/2014 20:23:48,Ja,Keine Angabe,Keine Angabe,Befriedigend,Gut,Keine Angabe,Befriedigend,Gut,Keine Angabe,"Gar nicht, ich weiß nicht wie","Gar nicht, kenne ich nicht",Wenige Male zum Ausprobieren,ca. 1 x pro Monat,"Gar nicht, kenne ich nicht",Wenige Male zum Ausprobieren,mehrmals täglich,"Gar nicht, kenne ich nicht",weiblich,19 - 25,"Windows, z.B. Nokia, HTC, etc.",ca. 1 x pro Jahr,ca. 1 x pro Jahr,Selten,ca. 1 x pro Monat,Selten,ca. 1 x pro Monat
8/15/2014 22:16:39,Ja,Ungenügend,Keine Angabe,Befriedigend,Keine Angabe,Keine Angabe,Gut,Sehr gut,Gut,Wenige Male zum Ausprobieren,"Gar nicht, kenne ich nicht",ca. 1 x pro Monat,Wenige Male zum Ausprobieren,"Gar nicht, kenne ich nicht",mehrmals täglich,mehrmals täglich,ca. 1 x pro Woche,weiblich,26 - 35,"Android, z.B. Samsung Galaxy",Selten,Selten,Selten,Selten,Selten,Selten
8/15/2014 23:25:14,Ja,Gut,Keine Angabe,Gut,Keine Angabe,Keine Angabe,Sehr gut,Sehr gut,Gut,Wenige Male zum Ausprobieren,"Gar nicht, interessiert mich nicht",ca. 1 x pro Monat,"Gar nicht, interessiert mich nicht","Gar nicht, kenne ich nicht",ca. 1 x pro Tag,mehrmals täglich,Wenige Male zum Ausprobieren,männich,26 - 35,"Android, z.B. Samsung Galaxy",Selten,Selten,Selten,Selten,Selten,Selten
8/16/2014 8:35:26,Ja,,Keine Angabe,Sehr gut,Keine Angabe,Keine Angabe,Keine Angabe,,Keine Angabe,"Gar nicht, kenne ich nicht","Gar nicht, kenne ich nicht",ca. 1 x pro Tag,"Gar nicht, kenne ich nicht","Gar nicht, kenne ich nicht","Gar nicht, kenne ich nicht",mehrmals täglich,"Gar nicht, ich weiß nicht wie",weiblich,36 - 50,"iOS, z.B. Apple iPhone",ca. 1 x pro Jahr,ca. 1 x pro Jahr,ca. 1 x pro Jahr,ca. 1 x pro Monat,ca. 1 x pro Jahr,ca. 1 x pro Monat
8/16/2014 9:24:44,Ja,Keine Angabe,Keine Angabe,Keine Angabe,Keine Angabe,Keine Angabe,Keine Angabe,Keine Angabe,Keine Angabe,"Gar nicht, kenne ich nicht","Gar nicht, kenne ich nicht","Gar nicht, ich weiß nicht wie","Gar nicht, ich weiß nicht wie","Gar nicht, kenne ich nicht","Gar nicht, mein Handy kann das nicht","Gar nicht, mein Handy kann das nicht","Gar nicht, mein Handy kann das nicht",männich,51 - 65,"Android, z.B. Samsung Galaxy",ca. 1 x pro Jahr,ca. 1 x pro Jahr,Selten,ca. 1 x pro Monat,Selten,Selten
8/16/2014 11:43:47,Nein,Sehr gut,Keine Angabe,Gut,Gut,Keine Angabe,Sehr gut,Sehr gut,Keine Angabe,"Gar nicht, mein Handy kann das nicht","Gar nicht, kenne ich nicht",ca. 1 x pro Monat,ca. 1 x pro Monat,"Gar nicht, kenne ich nicht","Gar nicht, mein Handy kann das nicht","Gar nicht, mein Handy kann das nicht","Gar nicht, mein Handy kann das nicht",weiblich,26 - 35,"iOS, z.B. Apple iPhone",ca. 1 x pro Jahr,Selten,ca. 1 x pro Jahr,ca. 1 x pro Jahr,Selten,ca. 1 x pro Jahr
8/16/2014 19:17:20,Ja,Befriedigend,Keine Angabe,Mangelhaft,Sehr gut,Keine Angabe,Gut,Sehr gut,Keine Angabe,Wenige Male zum Ausprobieren,"Gar nicht, kenne ich nicht","Gar nicht, kenne ich nicht",ca. 1 x pro Monat,"Gar nicht, kenne ich nicht",ca. 1 x pro Tag,mehrmals täglich,"Gar nicht, kenne ich nicht",männich,36 - 50,"iOS, z.B. Apple iPhone",Selten,Selten,Selten,Selten,ca. 1 x pro Jahr,mehrmals pro Monat
8/16/2014 19:58:06,Nein,Keine Angabe,Keine Angabe,Sehr gut,Keine Angabe,Keine Angabe,Keine Angabe,Keine Angabe,Keine Angabe,"Gar nicht, mein Handy kann das nicht","Gar nicht, mein Handy kann das nicht",Wenige Male zum Ausprobieren,"Gar nicht, mein Handy kann das nicht","Gar nicht, mein Handy kann das nicht","Gar nicht, mein Handy kann das nicht","Gar nicht, mein Handy kann das nicht","Gar nicht, mein Handy kann das nicht",weiblich,26 - 35,,Gar nicht,Selten,ca. 1 x pro Monat,ca. 1 x pro Jahr,ca. 1 x pro Jahr,ca. 1 x pro Monat
8/16/2014 21:16:23,Nein,Keine Angabe,Keine Angabe,Keine Angabe,Keine Angabe,Keine Angabe,Gut,Keine Angabe,Keine Angabe,"Gar nicht, mein Handy kann das nicht","Gar nicht, mein Handy kann das nicht","Gar nicht, mein Handy kann das nicht","Gar nicht, mein Handy kann das nicht","Gar nicht, mein Handy kann das nicht",Wenige Male zum Ausprobieren,"Gar nicht, mein Handy kann das nicht","Gar nicht, interessiert mich nicht",weiblich,26 - 35,,Selten,ca. 1 x pro Jahr,Selten,ca. 1 x pro Monat,Selten,ca. 1 x pro Monat
8/17/2014 14:22:36,Ja,Sehr gut,Keine Angabe,Sehr gut,Sehr gut,Keine Angabe,Befriedigend,Sehr gut,Mangelhaft,ca. 1 x pro Monat,"Gar nicht, kenne ich nicht",ca. 1 x pro Tag,mehrmals täglich,"Gar nicht, kenne ich nicht",mehrmals täglich,mehrmals täglich,ca. 1 x pro Monat,männich,36 - 50,"iOS, z.B. Apple iPhone",ca. 1 x pro Jahr,ca. 1 x pro Jahr,ca. 1 x pro Jahr,ca. 1 x pro Jahr,ca. 1 x pro Jahr,ca. 1 x pro Jahr
8/17/2014 16:30:35,Ja,Sehr gut,Ungenügend,Befriedigend,Ungenügend,Ungenügend,Ungenügend,Ungenügend,Befriedigend,Wenige Male zum Ausprobieren,"Gar nicht, interessiert mich nicht",ca. 1 x pro Monat,"Gar nicht, interessiert mich nicht","Gar nicht, kenne ich nicht","Gar nicht, interessiert mich nicht","Gar nicht, interessiert mich nicht","Gar nicht, interessiert mich nicht",männich,36 - 50,"Android, z.B. Samsung Galaxy",Gar nicht,ca. 1 x pro Jahr,ca. 1 x pro Jahr,ca. 1 x pro Monat,ca. 1 x pro Jahr,ca. 1 x pro Monat
8/17/2014 20:39:35,Ja,,,,,,,,,Wenige Male zum Ausprobieren,"Gar nicht, kenne ich nicht",mehrmals täglich,"Gar nicht, kenne ich nicht","Gar nicht, kenne ich nicht","Gar nicht, kenne ich nicht","Gar nicht, kenne ich nicht","Gar nicht, ich weiß nicht wie",weiblich,36 - 50,"iOS, z.B. Apple iPhone",ca. 1 x pro Jahr,Selten,Gar nicht,Selten,Selten,Selten
8/18/2014 6:44:48,Ja,Keine Angabe,Keine Angabe,Keine Angabe,Keine Angabe,Keine Angabe,Keine Angabe,Keine Angabe,Keine Angabe,"Gar nicht, kenne ich nicht","Gar nicht, kenne ich nicht","Gar nicht, kenne ich nicht","Gar nicht, kenne ich nicht","Gar nicht, kenne ich nicht","Gar nicht, kenne ich nicht","Gar nicht, kenne ich nicht","Gar nicht, kenne ich nicht",männich,51 - 65,"Android, z.B. Samsung Galaxy",mehrmals pro Monat,Selten,ca. 1 x pro Monat,ca. 1 x pro Monat,ca. 1 x pro Jahr,ca. 1 x pro Monat
8/18/2014 7:21:47,Ja,Gut,Keine Angabe,Gut,Keine Angabe,Keine Angabe,Sehr gut,Sehr gut,Gut,Wenige Male zum Ausprobieren,"Gar nicht, kenne ich nicht",ca. 1 x pro Monat,Wenige Male zum Ausprobieren,"Gar nicht, kenne ich nicht",ca. 1 x pro Woche,mehrmals täglich,Wenige Male zum Ausprobieren,weiblich,26 - 35,"Android, z.B. Samsung Galaxy",ca. 1 x pro Jahr,ca. 1 x pro Jahr,ca. 1 x pro Monat,ca. 1 x pro Monat,ca. 1 x pro Monat,ca. 1 x pro Monat
8/18/2014 11:00:53,Ja,Gut,Keine Angabe,Gut,Keine Angabe,Keine Angabe,Ungenügend,,Befriedigend,Wenige Male zum Ausprobieren,"Gar nicht, interessiert mich nicht",Wenige Male zum Ausprobieren,"Gar nicht, interessiert mich nicht","Gar nicht, kenne ich nicht","Gar nicht, interessiert mich nicht",mehrmals täglich,Wenige Male zum Ausprobieren,weiblich,26 - 35,"Android, z.B. Samsung Galaxy",ca. 1 x pro Jahr,Selten,ca. 1 x pro Monat,ca. 1 x pro Monat,Selten,
8/18/2014 11:02:16,Ja,Gut,Keine Angabe,Sehr gut,Gut,Keine Angabe,Keine Angabe,Gut,Gut,Wenige Male zum Ausprobieren,"Gar nicht, kenne ich nicht",mehrmals täglich,ca. 1 x pro Monat,"Gar nicht, interessiert mich nicht","Gar nicht, interessiert mich nicht",ca. 1 x pro Tag,ca. 1 x pro Tag,weiblich,51 - 65,"iOS, z.B. Apple iPhone",Selten,ca. 1 x pro Monat,Gar nicht,mehrmals pro Monat,Selten,ca. 1 x pro Monat
8/18/2014 12:08:50,Ja,Sehr gut,Keine Angabe,Mangelhaft,Keine Angabe,Keine Angabe,Keine Angabe,Keine Angabe,Keine Angabe,ca. 1 x pro Monat,Wenige Male zum Ausprobieren,"Gar nicht, interessiert mich nicht","Gar nicht, kenne ich nicht","Gar nicht, kenne ich nicht","Gar nicht, interessiert mich nicht","Gar nicht, interessiert mich nicht","Gar nicht, kenne ich nicht",männich,51 - 65,"Android, z.B. Samsung Galaxy",Selten,Selten,Selten,mehrmals pro Monat,ca. 1 x pro Monat,ca. 1 x pro Monat
8/18/2014 13:50:06,Ja,Gut,Keine Angabe,Gut,Sehr gut,Keine Angabe,Sehr gut,Sehr gut,Sehr gut,Wenige Male zum Ausprobieren,"Gar nicht, mein Handy kann das nicht",ca. 1 x pro Monat,Wenige Male zum Ausprobieren,"Gar nicht, kenne ich nicht",mehrmals täglich,mehrmals täglich,ca. 1 x pro Monat,männich,19 - 25,"Android, z.B. Samsung Galaxy",Gar nicht,Gar nicht,Gar nicht,ca. 1 x pro Jahr,mehrmals pro Monat,mehrmals pro Monat
8/18/2014 17:08:56,Ja,Keine Angabe,Keine Angabe,Befriedigend,Gut,Keine Angabe,Keine Angabe,Sehr gut,Keine Angabe,"Gar nicht, interessiert mich nicht","Gar nicht, interessiert mich nicht",ca. 1 x pro Tag,ca. 1 x pro Tag,"Gar nicht, interessiert mich nicht","Gar nicht, interessiert mich nicht",mehrmals täglich,"Gar nicht, interessiert mich nicht",weiblich,36 - 50,"iOS, z.B. Apple iPhone",Selten,Selten,ca. 1 x pro Monat,mehrmals pro Monat,mehrmals pro Monat,ca. 1 x pro Monat
8/18/2014 19:48:57,Ja,Keine Angabe,Keine Angabe,Sehr gut,Gut,Keine Angabe,Keine Angabe,Gut,Keine Angabe,"Gar nicht, interessiert mich nicht","Gar nicht, kenne ich nicht",mehrmals täglich,ca. 1 x pro Tag,"Gar nicht, kenne ich nicht","Gar nicht, interessiert mich nicht",ca. 1 x pro Woche,ca. 1 x pro Monat,männich,36 - 50,"iOS, z.B. Apple iPhone",Selten,ca. 1 x pro Monat,Gar nicht,ca. 1 x pro Monat,ca. 1 x pro Jahr,ca. 1 x pro Jahr
8/18/2014 21:34:32,Ja,Sehr gut,Keine Angabe,Sehr gut,Sehr gut,Keine Angabe,Gut,Gut,Keine Angabe,Wenige Male zum Ausprobieren,"Gar nicht, ich weiß nicht wie",ca. 1 x pro Tag,ca. 1 x pro Woche,"Gar nicht, kenne ich nicht",ca. 1 x pro Woche,mehrmals täglich,"Gar nicht, kenne ich nicht",männich,26 - 35,"iOS, z.B. Apple iPhone",Selten,Selten,Selten,Selten,Selten,Selten
8/18/2014 21:42:59,Ja,Gut,Mangelhaft,Sehr gut,Befriedigend,Befriedigend,Ungenügend,Befriedigend,Befriedigend,"Gar nicht, interessiert mich nicht","Gar nicht, interessiert mich nicht",mehrmals täglich,"Gar nicht, interessiert mich nicht","Gar nicht, interessiert mich nicht","Gar nicht, interessiert mich nicht",ca. 1 x pro Tag,Wenige Male zum Ausprobieren,männich,26 - 35,"Android, z.B. Samsung Galaxy",ca. 1 x pro Monat,Selten,ca. 1 x pro Jahr,ca. 1 x pro Monat,Selten,Selten
8/18/2014 22:16:15,Ja,Gut,Keine Angabe,Sehr gut,Keine Angabe,Keine Angabe,Keine Angabe,Sehr gut,Gut,Wenige Male zum Ausprobieren,"Gar nicht, ich weiß nicht wie",mehrmals täglich,"Gar nicht, kenne ich nicht","Gar nicht, kenne ich nicht","Gar nicht, interessiert mich nicht",mehrmals täglich,ca. 1 x pro Monat,weiblich,36 - 50,"iOS, z.B. Apple iPhone",Selten,ca. 1 x pro Jahr,Selten,ca. 1 x pro Monat,Selten,mehrmals pro Monat
8/18/2014 22:33:52,Ja,Sehr gut,Befriedigend,Ungenügend,Keine Angabe,Keine Angabe,Sehr gut,Sehr gut,Keine Angabe,Wenige Male zum Ausprobieren,"Gar nicht, mein Handy kann das nicht","Gar nicht, interessiert mich nicht","Gar nicht, interessiert mich nicht","Gar nicht, kenne ich nicht",mehrmals täglich,mehrmals täglich,"Gar nicht, interessiert mich nicht",männich,16 - 18,"iOS, z.B. Apple iPhone",Selten,Selten,ca. 1 x pro Monat,ca. 1 x pro Jahr,ca. 1 x pro Jahr,Selten
8/19/2014 8:39:29,Ja,Gut,Keine Angabe,Gut,Gut,Keine Angabe,Keine Angabe,Keine Angabe,Keine Angabe,Wenige Male zum Ausprobieren,"Gar nicht, interessiert mich nicht",ca. 1 x pro Monat,ca. 1 x pro Woche,"Gar nicht, mein Handy kann das nicht","Gar nicht, mein Handy kann das nicht","Gar nicht, mein Handy kann das nicht","Gar nicht, mein Handy kann das nicht",,36 - 50,"Windows, z.B. Nokia, HTC, etc.",Gar nicht,Gar nicht,ca. 1 x pro Jahr,ca. 1 x pro Monat,mehrmals pro Monat,mehrmals pro Monat
8/19/2014 9:22:55,Ja,Keine Angabe,Keine Angabe,Sehr gut,Sehr gut,Keine Angabe,Gut,Sehr gut,Keine Angabe,Wenige Male zum Ausprobieren,Wenige Male zum Ausprobieren,ca. 1 x pro Woche,ca. 1 x pro Woche,"Gar nicht, kenne ich nicht",ca. 1 x pro Tag,ca. 1 x pro Tag,Wenige Male zum Ausprobieren,weiblich,36 - 50,"iOS, z.B. Apple iPhone",ca. 1 x pro Jahr,ca. 1 x pro Jahr,ca. 1 x pro Jahr,ca. 1 x pro Jahr,ca. 1 x pro Monat,ca. 1 x pro Monat
8/19/2014 9:25:45,Ja,Gut,Keine Angabe,Sehr gut,Gut,Keine Angabe,Befriedigend,Sehr gut,Keine Angabe,Wenige Male zum Ausprobieren,"Gar nicht, kenne ich nicht",ca. 1 x pro Woche,"Gar nicht, interessiert mich nicht","Gar nicht, kenne ich nicht",ca. 1 x pro Tag,mehrmals täglich,"Gar nicht, kenne ich nicht",männich,19 - 25,"Android, z.B. Samsung Galaxy",Selten,ca. 1 x pro Monat,Selten,ca. 1 x pro Monat,Selten,Selten
8/19/2014 9:55:56,Ja,Befriedigend,Keine Angabe,Gut,Sehr gut,Keine Angabe,Sehr gut,Sehr gut,Keine Angabe,Wenige Male zum Ausprobieren,"Gar nicht, mein Handy kann das nicht",ca. 1 x pro Monat,ca. 1 x pro Monat,"Gar nicht, kenne ich nicht",mehrmals täglich,mehrmals täglich,"Gar nicht, interessiert mich nicht",männich,26 - 35,"iOS, z.B. Apple iPhone",Selten,Selten,Selten,ca. 1 x pro Jahr,Gar nicht,ca. 1 x pro Monat
8/20/2014 7:53:42,Ja,Gut,Keine Angabe,Gut,Gut,Keine Angabe,Keine Angabe,Gut,Keine Angabe,"Gar nicht, interessiert mich nicht","Gar nicht, interessiert mich nicht",ca. 1 x pro Woche,ca. 1 x pro Woche,"Gar nicht, kenne ich nicht","Gar nicht, interessiert mich nicht",mehrmals täglich,"Gar nicht, interessiert mich nicht",männich,36 - 50,"Android, z.B. Samsung Galaxy",ca. 1 x pro Jahr,ca. 1 x pro Jahr,,ca. 1 x pro Jahr,Selten,Selten
8/20/2014 7:58:43,Ja,Keine Angabe,Keine Angabe,Befriedigend,Keine Angabe,Keine Angabe,Keine Angabe,Keine Angabe,Keine Angabe,"Gar nicht, kenne ich nicht","Gar nicht, kenne ich nicht",Wenige Male zum Ausprobieren,"Gar nicht, interessiert mich nicht","Gar nicht, kenne ich nicht","Gar nicht, interessiert mich nicht","Gar nicht, interessiert mich nicht","Gar nicht, interessiert mich nicht",männich,51 - 65,"Android, z.B. Samsung Galaxy",ca. 1 x pro Jahr,ca. 1 x pro Jahr,Selten,mehrmals pro Monat,Gar nicht,ca. 1 x pro Monat
8/20/2014 8:25:21,Ja,Sehr gut,Keine Angabe,Gut,Keine Angabe,Keine Angabe,Keine Angabe,Sehr gut,Keine Angabe,Wenige Male zum Ausprobieren,"Gar nicht, kenne ich nicht",Wenige Male zum Ausprobieren,"Gar nicht, kenne ich nicht","Gar nicht, kenne ich nicht","Gar nicht, interessiert mich nicht",mehrmals täglich,"Gar nicht, interessiert mich nicht",männich,26 - 35,"Android, z.B. Samsung Galaxy",Selten,ca. 1 x pro Jahr,ca. 1 x pro Jahr,ca. 1 x pro Monat,ca. 1 x pro Monat,mehrmals pro Monat
8/20/2014 8:47:22,Nein,Keine Angabe,Keine Angabe,Keine Angabe,Keine Angabe,Keine Angabe,Keine Angabe,,Keine Angabe,"Gar nicht, mein Handy kann das nicht","Gar nicht, mein Handy kann das nicht","Gar nicht, mein Handy kann das nicht","Gar nicht, mein Handy kann das nicht","Gar nicht, mein Handy kann das nicht","Gar nicht, mein Handy kann das nicht","Gar nicht, mein Handy kann das nicht","Gar nicht, mein Handy kann das nicht",männich,36 - 50,,Gar nicht,Selten,Gar nicht,ca. 1 x pro Jahr,Gar nicht,ca. 1 x pro Monat
8/20/2014 12:09:09,Nein,Keine Angabe,Keine Angabe,Keine Angabe,Keine Angabe,Keine Angabe,Keine Angabe,Keine Angabe,Keine Angabe,"Gar nicht, kenne ich nicht","Gar nicht, kenne ich nicht","Gar nicht, ich weiß nicht wie","Gar nicht, mein Handy kann das nicht","Gar nicht, mein Handy kann das nicht","Gar nicht, mein Handy kann das nicht","Gar nicht, mein Handy kann das nicht","Gar nicht, mein Handy kann das nicht",weiblich,36 - 50,,Gar nicht,Selten,Gar nicht,ca. 1 x pro Monat,ca. 1 x pro Monat,mehrmals pro Monat
8/20/2014 13:45:01,Ja,Keine Angabe,Keine Angabe,Befriedigend,Keine Angabe,Keine Angabe,Keine Angabe,Sehr gut,Keine Angabe,Wenige Male zum Ausprobieren,"Gar nicht, interessiert mich nicht",ca. 1 x pro Monat,"Gar nicht, interessiert mich nicht","Gar nicht, interessiert mich nicht","Gar nicht, interessiert mich nicht",mehrmals täglich,"Gar nicht, interessiert mich nicht",männich,26 - 35,"Windows, z.B. Nokia, HTC, etc.",Selten,Selten,ca. 1 x pro Jahr,ca. 1 x pro Monat,ca. 1 x pro Jahr,ca. 1 x pro Monat
8/20/2014 13:51:48,Ja,Keine Angabe,Keine Angabe,Sehr gut,Keine Angabe,Keine Angabe,Keine Angabe,Sehr gut,Keine Angabe,"Gar nicht, kenne ich nicht","Gar nicht, kenne ich nicht",ca. 1 x pro Tag,"Gar nicht, interessiert mich nicht","Gar nicht, kenne ich nicht","Gar nicht, interessiert mich nicht",ca. 1 x pro Tag,"Gar nicht, interessiert mich nicht",weiblich,36 - 50,"iOS, z.B. Apple iPhone",Selten,ca. 1 x pro Jahr,ca. 1 x pro Jahr,ca. 1 x pro Jahr,Gar nicht,Selten
8/20/2014 14:28:14,Ja,Gut,Gut,Gut,Mangelhaft,Keine Angabe,Ungenügend,Gut,Keine Angabe,"Gar nicht, interessiert mich nicht","Gar nicht, interessiert mich nicht",mehrmals täglich,"Gar nicht, interessiert mich nicht","Gar nicht, kenne ich nicht","Gar nicht, interessiert mich nicht",mehrmals täglich,"Gar nicht, interessiert mich nicht",männich,26 - 35,"Android, z.B. Samsung Galaxy",Selten,ca. 1 x pro Jahr,ca. 1 x pro Jahr,ca. 1 x pro Monat,ca. 1 x pro Jahr,ca. 1 x pro Monat
8/20/2014 19:12:14,Ja,Gut,Keine Angabe,Befriedigend,Gut,Keine Angabe,Keine Angabe,Gut,Gut,Wenige Male zum Ausprobieren,"Gar nicht, kenne ich nicht",ca. 1 x pro Tag,ca. 1 x pro Monat,"Gar nicht, kenne ich nicht","Gar nicht, ich weiß nicht wie",ca. 1 x pro Monat,"Gar nicht, mein Handy kann das nicht",männich,51 - 65,"iOS, z.B. Apple iPhone",Selten,Selten,Selten,ca. 1 x pro Monat,Selten,ca. 1 x pro Monat
8/20/2014 21:40:22,Ja,Sehr gut,Keine Angabe,Sehr gut,Sehr gut,Keine Angabe,Keine Angabe,Sehr gut,Befriedigend,Wenige Male zum Ausprobieren,"Gar nicht, kenne ich nicht",Wenige Male zum Ausprobieren,"Gar nicht, interessiert mich nicht","Gar nicht, kenne ich nicht","Gar nicht, interessiert mich nicht",mehrmals täglich,Wenige Male zum Ausprobieren,männich,26 - 35,"Android, z.B. Samsung Galaxy",ca. 1 x pro Jahr,ca. 1 x pro Jahr,ca. 1 x pro Jahr,ca. 1 x pro Monat,ca. 1 x pro Monat,mehrmals pro Monat
8/20/2014 21:55:36,Ja,Keine Angabe,Keine Angabe,Gut,Keine Angabe,Keine Angabe,Keine Angabe,Keine Angabe,Keine Angabe,"Gar nicht, ich weiß nicht wie","Gar nicht, kenne ich nicht",ca. 1 x pro Woche,"Gar nicht, kenne ich nicht","Gar nicht, kenne ich nicht","Gar nicht, interessiert mich nicht","Gar nicht, interessiert mich nicht","Gar nicht, interessiert mich nicht",männich,51 - 65,"Android, z.B. Samsung Galaxy",ca. 1 x pro Jahr,ca. 1 x pro Jahr,Selten,ca. 1 x pro Monat,Selten,ca. 1 x pro Monat
8/21/2014 7:35:47,Ja,Keine Angabe,Keine Angabe,Gut,Keine Angabe,Keine Angabe,Gut,Sehr gut,Keine Angabe,"Gar nicht, kenne ich nicht","Gar nicht, kenne ich nicht",ca. 1 x pro Woche,"Gar nicht, kenne ich nicht","Gar nicht, kenne ich nicht",ca. 1 x pro Woche,mehrmals täglich,Wenige Male zum Ausprobieren,weiblich,26 - 35,"iOS, z.B. Apple iPhone",Selten,Selten,Selten,ca. 1 x pro Monat,ca. 1 x pro Monat,ca. 1 x pro Monat
8/21/2014 8:47:04,Ja,Gut,Keine Angabe,Gut,Sehr gut,Keine Angabe,Keine Angabe,Befriedigend,Keine Angabe,Wenige Male zum Ausprobieren,"Gar nicht, mein Handy kann das nicht",mehrmals täglich,mehrmals täglich,"Gar nicht, kenne ich nicht","Gar nicht, interessiert mich nicht",mehrmals täglich,"Gar nicht, kenne ich nicht",männich,36 - 50,"iOS, z.B. Apple iPhone",ca. 1 x pro Jahr,ca. 1 x pro Jahr,ca. 1 x pro Jahr,ca. 1 x pro Monat,ca. 1 x pro Jahr,ca. 1 x pro Monat
8/21/2014 12:20:55,Ja,Sehr gut,Keine Angabe,Befriedigend,Gut,Keine Angabe,Keine Angabe,Gut,Keine Angabe,ca. 1 x pro Monat,"Gar nicht, interessiert mich nicht",Wenige Male zum Ausprobieren,ca. 1 x pro Monat,"Gar nicht, kenne ich nicht","Gar nicht, interessiert mich nicht",mehrmals täglich,"Gar nicht, interessiert mich nicht",weiblich,26 - 35,"Android, z.B. Samsung Galaxy",ca. 1 x pro Monat,ca. 1 x pro Jahr,ca. 1 x pro Monat,ca. 1 x pro Jahr,ca. 1 x pro Jahr,ca. 1 x pro Monat
8/21/2014 15:18:08,Ja,Keine Angabe,Keine Angabe,Befriedigend,Keine Angabe,Keine Angabe,Keine Angabe,Gut,Keine Angabe,"Gar nicht, interessiert mich nicht","Gar nicht, interessiert mich nicht",Wenige Male zum Ausprobieren,"Gar nicht, interessiert mich nicht","Gar nicht, kenne ich nicht","Gar nicht, interessiert mich nicht",ca. 1 x pro Woche,"Gar nicht, interessiert mich nicht",männich,36 - 50,"Android, z.B. Samsung Galaxy",Gar nicht,Selten,Gar nicht,ca. 1 x pro Monat,Gar nicht,ca. 1 x pro Monat
8/21/2014 20:42:45,Ja,Sehr gut,Sehr gut,Sehr gut,Keine Angabe,Keine Angabe,Befriedigend,Keine Angabe,Keine Angabe,ca. 1 x pro Monat,"Gar nicht, mein Handy kann das nicht",ca. 1 x pro Monat,"Gar nicht, kenne ich nicht","Gar nicht, kenne ich nicht",mehrmals täglich,"Gar nicht, interessiert mich nicht","Gar nicht, interessiert mich nicht",weiblich,36 - 50,"iOS, z.B. Apple iPhone",ca. 1 x pro Jahr,Selten,ca. 1 x pro Jahr,ca. 1 x pro Jahr,ca. 1 x pro Monat,ca. 1 x pro Jahr
8/22/2014 8:55:01,Ja,Keine Angabe,Keine Angabe,Sehr gut,Gut,Keine Angabe,Keine Angabe,Gut,Keine Angabe,"Gar nicht, interessiert mich nicht","Gar nicht, kenne ich nicht",ca. 1 x pro Tag,ca. 1 x pro Tag,"Gar nicht, kenne ich nicht","Gar nicht, interessiert mich nicht",mehrmals täglich,Wenige Male zum Ausprobieren,männich,26 - 35,"iOS, z.B. Apple iPhone",Gar nicht,ca. 1 x pro Jahr,ca. 1 x pro Monat,ca. 1 x pro Jahr,ca. 1 x pro Monat,ca. 1 x pro Jahr
8/22/2014 11:02:26,Ja,Gut,Keine Angabe,Gut,Gut,Keine Angabe,Keine Angabe,Gut,Keine Angabe,Wenige Male zum Ausprobieren,Wenige Male zum Ausprobieren,ca. 1 x pro Tag,ca. 1 x pro Tag,"Gar nicht, kenne ich nicht","Gar nicht, interessiert mich nicht",mehrmals täglich,"Gar nicht, interessiert mich nicht",weiblich,26 - 35,"Android, z.B. Samsung Galaxy",Gar nicht,ca. 1 x pro Jahr,ca. 1 x pro Monat,ca. 1 x pro Monat,ca. 1 x pro Monat,ca. 1 x pro Monat
8/22/2014 17:32:31,Ja,Gut,Keine Angabe,Mangelhaft,Mangelhaft,Keine Angabe,Befriedigend,Sehr gut,Befriedigend,ca. 1 x pro Monat,"Gar nicht, ich weiß nicht wie","Gar nicht, interessiert mich nicht","Gar nicht, interessiert mich nicht","Gar nicht, kenne ich nicht","Gar nicht, interessiert mich nicht",ca. 1 x pro Tag,ca. 1 x pro Monat,weiblich,19 - 25,"Android, z.B. Samsung Galaxy",mehrmals pro Monat,Selten,ca. 1 x pro Monat,ca. 1 x pro Monat,Selten,ca. 1 x pro Monat
8/22/2014 18:09:15,Ja,Sehr gut,Keine Angabe,Sehr gut,Gut,Keine Angabe,Keine Angabe,Gut,Keine Angabe,ca. 1 x pro Monat,"Gar nicht, kenne ich nicht",mehrmals täglich,Wenige Male zum Ausprobieren,"Gar nicht, kenne ich nicht","Gar nicht, kenne ich nicht",mehrmals täglich,"Gar nicht, kenne ich nicht",weiblich,36 - 50,"Android, z.B. Samsung Galaxy",Gar nicht,ca. 1 x pro Jahr,Gar nicht,mehrmals pro Monat,Selten,ca. 1 x pro Monat
8/23/2014 21:01:15,Nein,Gut,Keine Angabe,Gut,Gut,Keine Angabe,Keine Angabe,Keine Angabe,Keine Angabe,Wenige Male zum Ausprobieren,"Gar nicht, kenne ich nicht",ca. 1 x pro Monat,ca. 1 x pro Monat,"Gar nicht, kenne ich nicht","Gar nicht, ich weiß nicht wie","Gar nicht, mein Handy kann das nicht","Gar nicht, interessiert mich nicht",männich,26 - 35,,ca. 1 x pro Jahr,ca. 1 x pro Jahr,ca. 1 x pro Jahr,ca. 1 x pro Monat,Gar nicht,mehrmals pro Monat
8/24/2014 18:06:19,Ja,Keine Angabe,Keine Angabe,Gut,Gut,Keine Angabe,Keine Angabe,Gut,Keine Angabe,"Gar nicht, interessiert mich nicht","Gar nicht, kenne ich nicht",ca. 1 x pro Monat,Wenige Male zum Ausprobieren,"Gar nicht, kenne ich nicht","Gar nicht, interessiert mich nicht",mehrmals täglich,"Gar nicht, kenne ich nicht",männich,26 - 35,"Android, z.B. Samsung Galaxy",ca. 1 x pro Jahr,Selten,ca. 1 x pro Jahr,ca. 1 x pro Monat,ca. 1 x pro Jahr,ca. 1 x pro Monat
8/25/2014 11:18:25,Ja,Keine Angabe,Keine Angabe,Gut,Keine Angabe,Keine Angabe,Gut,Gut,Keine Angabe,"Gar nicht, interessiert mich nicht","Gar nicht, kenne ich nicht",Wenige Male zum Ausprobieren,"Gar nicht, kenne ich nicht","Gar nicht, kenne ich nicht",ca. 1 x pro Monat,mehrmals täglich,Wenige Male zum Ausprobieren,weiblich,26 - 35,"Android, z.B. Samsung Galaxy",Selten,ca. 1 x pro Jahr,ca. 1 x pro Jahr,ca. 1 x pro Monat,ca. 1 x pro Jahr,ca. 1 x pro Jahr
8/26/2014 12:09:34,Ja,Sehr gut,Gut,Sehr gut,Keine Angabe,Keine Angabe,Keine Angabe,Keine Angabe,Keine Angabe,"Gar nicht, interessiert mich nicht","Gar nicht, interessiert mich nicht",Wenige Male zum Ausprobieren,"Gar nicht, ich weiß nicht wie","Gar nicht, kenne ich nicht","Gar nicht, interessiert mich nicht","Gar nicht, interessiert mich nicht","Gar nicht, interessiert mich nicht",männich,51 - 65,"Android, z.B. Samsung Galaxy",Selten,Selten,Selten,Selten,ca. 1 x pro Jahr,ca. 1 x pro Monat
8/26/2014 22:20:55,Ja,Gut,Mangelhaft,Befriedigend,Sehr gut,Mangelhaft,Keine Angabe,Keine Angabe,Gut,Wenige Male zum Ausprobieren,"Gar nicht, mein Handy kann das nicht",Wenige Male zum Ausprobieren,ca. 1 x pro Woche,"Gar nicht, kenne ich nicht",mehrmals täglich,mehrmals täglich,ca. 1 x pro Monat,männich,26 - 35,"Android, z.B. Samsung Galaxy",ca. 1 x pro Jahr,Selten,ca. 1 x pro Monat,ca. 1 x pro Monat,ca. 1 x pro Monat,ca. 1 x pro Monat
8/28/2014 10:46:03,Ja,Gut,Gut,Gut,Sehr gut,Keine Angabe,Gut,Gut,Keine Angabe,Wenige Male zum Ausprobieren,Wenige Male zum Ausprobieren,ca. 1 x pro Monat,ca. 1 x pro Woche,"Gar nicht, interessiert mich nicht",mehrmals täglich,mehrmals täglich,"Gar nicht, interessiert mich nicht",männich,19 - 25,"Android, z.B. Samsung Galaxy",Gar nicht,Selten,ca. 1 x pro Jahr,ca. 1 x pro Jahr,Selten,ca. 1 x pro Jahr
8/28/2014 15:18:15,Ja,Befriedigend,Keine Angabe,Sehr gut,Sehr gut,Keine Angabe,Befriedigend,Gut,Befriedigend,ca. 1 x pro Monat,"Gar nicht, kenne ich nicht",ca. 1 x pro Monat,ca. 1 x pro Monat,"Gar nicht, kenne ich nicht",ca. 1 x pro Woche,mehrmals täglich,ca. 1 x pro Monat,weiblich,26 - 35,"Windows, z.B. Nokia, HTC, etc.",ca. 1 x pro Jahr,Gar nicht,Selten,mehrmals pro Monat,ca. 1 x pro Jahr,mehrmals pro Monat
8/28/2014 23:14:29,Ja,Gut,Mangelhaft,Sehr gut,Gut,Befriedigend,Sehr gut,Sehr gut,Gut,Wenige Male zum Ausprobieren,"Gar nicht, mein Handy kann das nicht",mehrmals täglich,ca. 1 x pro Tag,Wenige Male zum Ausprobieren,mehrmals täglich,mehrmals täglich,mehrmals täglich,männich,26 - 35,"iOS, z.B. Apple iPhone",Selten,ca. 1 x pro Jahr,ca. 1 x pro Jahr,ca. 1 x pro Monat,Selten,ca. 1 x pro Monat
8/31/2014 9:23:03,Ja,Gut,Keine Angabe,Befriedigend,Sehr gut,Keine Angabe,Befriedigend,Gut,Keine Angabe,Wenige Male zum Ausprobieren,"Gar nicht, mein Handy kann das nicht",ca. 1 x pro Monat,Wenige Male zum Ausprobieren,"Gar nicht, kenne ich nicht",ca. 1 x pro Monat,ca. 1 x pro Woche,"Gar nicht, interessiert mich nicht",männich,26 - 35,"iOS, z.B. Apple iPhone",Selten,ca. 1 x pro Jahr,ca. 1 x pro Jahr,ca. 1 x pro Monat,ca. 1 x pro Jahr,mehrmals pro Monat
9/1/2014 12:31:35,Ja,Mangelhaft,Gut,Sehr gut,Gut,Keine Angabe,Befriedigend,Sehr gut,Mangelhaft,Wenige Male zum Ausprobieren,Wenige Male zum Ausprobieren,ca. 1 x pro Tag,ca. 1 x pro Woche,"Gar nicht, mein Handy kann das nicht",Wenige Male zum Ausprobieren,mehrmals täglich,Wenige Male zum Ausprobieren,männich,26 - 35,"Android, z.B. Samsung Galaxy",ca. 1 x pro Monat,Selten,Gar nicht,ca. 1 x pro Monat,Selten,ca. 1 x pro Monat
9/11/2014 7:48:48,Ja,Keine Angabe,Keine Angabe,Gut,Keine Angabe,Keine Angabe,Gut,Sehr gut,Gut,"Gar nicht, kenne ich nicht","Gar nicht, kenne ich nicht",ca. 1 x pro Monat,"Gar nicht, kenne ich nicht","Gar nicht, kenne ich nicht",ca. 1 x pro Tag,mehrmals täglich,ca. 1 x pro Woche,weiblich,26 - 35,"Android, z.B. Samsung Galaxy",Selten,Selten,ca. 1 x pro Monat,ca. 1 x pro Monat,ca. 1 x pro Monat,ca. 1 x pro Monat
9/12/2014 21:10:42,Ja,Sehr gut,Gut,Mangelhaft,Sehr gut,Keine Angabe,Gut,Sehr gut,Keine Angabe,Wenige Male zum Ausprobieren,"Gar nicht, interessiert mich nicht",ca. 1 x pro Monat,ca. 1 x pro Woche,"Gar nicht, kenne ich nicht",Wenige Male zum Ausprobieren,mehrmals täglich,"Gar nicht, interessiert mich nicht",männich,26 - 35,"Android, z.B. Samsung Galaxy",ca. 1 x pro Jahr,ca. 1 x pro Jahr,ca. 1 x pro Jahr,ca. 1 x pro Jahr,ca. 1 x pro Jahr,ca. 1 x pro Jahr
9/19/2014 20:54:13,Ja,Keine Angabe,Keine Angabe,Gut,Keine Angabe,Keine Angabe,Keine Angabe,Gut,Keine Angabe,"Gar nicht, kenne ich nicht","Gar nicht, interessiert mich nicht",Wenige Male zum Ausprobieren,"Gar nicht, kenne ich nicht","Gar nicht, kenne ich nicht","Gar nicht, interessiert mich nicht",ca. 1 x pro Tag,"Gar nicht, interessiert mich nicht",männich,26 - 35,"Android, z.B. Samsung Galaxy",Selten,ca. 1 x pro Jahr,Selten,ca. 1 x pro Monat,Selten,Selten
9/24/2014 9:58:23,,Gut,Keine Angabe,Befriedigend,Gut,Keine Angabe,Ungenügend,Ungenügend,Keine Angabe,"Gar nicht, interessiert mich nicht","Gar nicht, interessiert mich nicht",ca. 1 x pro Woche,ca. 1 x pro Woche,"Gar nicht, kenne ich nicht","Gar nicht, interessiert mich nicht","Gar nicht, interessiert mich nicht","Gar nicht, interessiert mich nicht",männich,26 - 35,"Android, z.B. Samsung Galaxy",Selten,Selten,Selten,Selten,Selten,mehrmals pro Monat
9/27/2014 20:53:51,Ja,Gut,Keine Angabe,Keine Angabe,Sehr gut,Keine Angabe,Befriedigend,Sehr gut,Gut,Wenige Male zum Ausprobieren,"Gar nicht, kenne ich nicht","Gar nicht, interessiert mich nicht",ca. 1 x pro Monat,"Gar nicht, kenne ich nicht","Gar nicht, interessiert mich nicht",ca. 1 x pro Tag,ca. 1 x pro Monat,männich,19 - 25,"iOS, z.B. Apple iPhone",ca. 1 x pro Jahr,ca. 1 x pro Jahr,ca. 1 x pro Monat,mehrmals pro Monat,Selten,mehrmals pro Monat
9/30/2014 15:15:12,Ja,Sehr gut,Gut,Sehr gut,Gut,Keine Angabe,Befriedigend,Gut,Keine Angabe,Wenige Male zum Ausprobieren,Wenige Male zum Ausprobieren,ca. 1 x pro Monat,ca. 1 x pro Monat,"Gar nicht, kenne ich nicht",ca. 1 x pro Tag,mehrmals täglich,"Gar nicht, ich weiß nicht wie",weiblich,36 - 50,"iOS, z.B. Apple iPhone",ca. 1 x pro Monat,Selten,ca. 1 x pro Jahr,ca. 1 x pro Monat,mehrmals pro Monat,mehrmals pro Monat
10/4/2014 10:28:10,Ja,Gut,Befriedigend,Sehr gut,Gut,Gut,Keine Angabe,Keine Angabe,Keine Angabe,Wenige Male zum Ausprobieren,"Gar nicht, mein Handy kann das nicht",mehrmals täglich,ca. 1 x pro Monat,ca. 1 x pro Tag,"Gar nicht, interessiert mich nicht","Gar nicht, interessiert mich nicht","Gar nicht, interessiert mich nicht",männich,36 - 50,"iOS, z.B. Apple iPhone",ca. 1 x pro Monat,ca. 1 x pro Monat,Selten,mehrmals pro Monat,Selten,mehrmals pro Monat
10/13/2014 15:10:52,Ja,Keine Angabe,Keine Angabe,Gut,Sehr gut,Keine Angabe,Gut,Ungenügend,Keine Angabe,"Gar nicht, interessiert mich nicht","Gar nicht, kenne ich nicht",Wenige Male zum Ausprobieren,mehrmals täglich,"Gar nicht, kenne ich nicht",ca. 1 x pro Tag,"Gar nicht, interessiert mich nicht","Gar nicht, interessiert mich nicht",weiblich,26 - 35,"Android, z.B. Samsung Galaxy",ca. 1 x pro Jahr,ca. 1 x pro Jahr,Selten,Selten,mehrmals pro Monat,mehrmals pro Monat
10/13/2014 18:25:07,Ja,Sehr gut,Keine Angabe,Befriedigend,Keine Angabe,Keine Angabe,Sehr gut,Sehr gut,Gut,"Gar nicht, interessiert mich nicht","Gar nicht, interessiert mich nicht","Gar nicht, interessiert mich nicht","Gar nicht, interessiert mich nicht","Gar nicht, interessiert mich nicht",mehrmals täglich,mehrmals täglich,ca. 1 x pro Monat,männich,19 - 25,"Android, z.B. Samsung Galaxy",ca. 1 x pro Jahr,ca. 1 x pro Jahr,ca. 1 x pro Jahr,ca. 1 x pro Jahr,Gar nicht,ca. 1 x pro Monat
10/13/2014 21:49:41,Ja,Keine Angabe,Keine Angabe,Keine Angabe,Keine Angabe,Keine Angabe,Sehr gut,Sehr gut,Gut,"Gar nicht, interessiert mich nicht","Gar nicht, interessiert mich nicht","Gar nicht, interessiert mich nicht",Wenige Male zum Ausprobieren,"Gar nicht, interessiert mich nicht",mehrmals täglich,mehrmals täglich,"Gar nicht, interessiert mich nicht",weiblich,26 - 35,"iOS, z.B. Apple iPhone",mehrmals pro Monat,mehrmals pro Monat,mehrmals pro Monat,mehrmals pro Monat,mehrmals pro Monat,mehrmals pro Monat
10/13/2014 22:33:00,Nein,Befriedigend,Keine Angabe,Gut,Sehr gut,Sehr gut,Befriedigend,Gut,Sehr gut,ca. 1 x pro Woche,"Gar nicht, mein Handy kann das nicht",mehrmals täglich,mehrmals täglich,Wenige Male zum Ausprobieren,mehrmals täglich,mehrmals täglich,ca. 1 x pro Tag,männich,26 - 35,"iOS, z.B. Apple iPhone",Selten,ca. 1 x pro Jahr,ca. 1 x pro Monat,mehrmals pro Monat,ca. 1 x pro Monat,mehrmals pro Monat
10/13/2014 22:35:20,Ja,Befriedigend,Keine Angabe,Gut,Keine Angabe,Keine Angabe,Gut,Sehr gut,Keine Angabe,Wenige Male zum Ausprobieren,Wenige Male zum Ausprobieren,Wenige Male zum Ausprobieren,"Gar nicht, kenne ich nicht","Gar nicht, kenne ich nicht","Gar nicht, interessiert mich nicht",mehrmals täglich,"Gar nicht, kenne ich nicht",männich,36 - 50,"iOS, z.B. Apple iPhone",ca. 1 x pro Jahr,ca. 1 x pro Jahr,ca. 1 x pro Monat,ca. 1 x pro Monat,ca. 1 x pro Monat,ca. 1 x pro Monat
10/14/2014 7:44:37,Ja,Gut,Keine Angabe,Befriedigend,Befriedigend,Keine Angabe,Keine Angabe,Keine Angabe,Keine Angabe,ca. 1 x pro Monat,"Gar nicht, interessiert mich nicht","Gar nicht, interessiert mich nicht",Wenige Male zum Ausprobieren,"Gar nicht, kenne ich nicht","Gar nicht, interessiert mich nicht","Gar nicht, interessiert mich nicht","Gar nicht, kenne ich nicht",weiblich,26 - 35,"Android, z.B. Samsung Galaxy",Selten,ca. 1 x pro Jahr,Gar nicht,ca. 1 x pro Monat,Selten,ca. 1 x pro Monat
10/15/2014 5:53:34,Ja,Sehr gut,Keine Angabe,Mangelhaft,Keine Angabe,Keine Angabe,Befriedigend,Gut,Keine Angabe,Wenige Male zum Ausprobieren,"Gar nicht, kenne ich nicht",Wenige Male zum Ausprobieren,"Gar nicht, kenne ich nicht","Gar nicht, kenne ich nicht",mehrmals täglich,mehrmals täglich,"Gar nicht, interessiert mich nicht",weiblich,36 - 50,"Android, z.B. Samsung Galaxy",ca. 1 x pro Monat,Selten,ca. 1 x pro Jahr,mehrmals pro Monat,ca. 1 x pro Monat,mehrmals pro Monat
10/16/2014 12:29:16,Ja,Keine Angabe,Keine Angabe,Keine Angabe,Keine Angabe,Keine Angabe,Befriedigend,Gut,Keine Angabe,"Gar nicht, interessiert mich nicht","Gar nicht, interessiert mich nicht","Gar nicht, interessiert mich nicht","Gar nicht, interessiert mich nicht","Gar nicht, interessiert mich nicht",ca. 1 x pro Woche,ca. 1 x pro Woche,"Gar nicht, interessiert mich nicht",weiblich,26 - 35,"Android, z.B. Samsung Galaxy",Gar nicht,Gar nicht,Gar nicht,Gar nicht,Gar nicht,Gar nicht
10/23/2014 16:57:29,Ja,Sehr gut,Keine Angabe,Gut,Keine Angabe,Keine Angabe,Gut,Sehr gut,Keine Angabe,ca. 1 x pro Monat,"Gar nicht, interessiert mich nicht",ca. 1 x pro Tag,Wenige Male zum Ausprobieren,"Gar nicht, interessiert mich nicht",mehrmals täglich,ca. 1 x pro Woche,Wenige Male zum Ausprobieren,männich,36 - 50,"Android, z.B. Samsung Galaxy",ca. 1 x pro Jahr,ca. 1 x pro Jahr,Gar nicht,mehrmals pro Monat,Gar nicht,mehrmals pro Monat
10/24/2014 16:54:36,Ja,Sehr gut,Keine Angabe,Gut,Gut,Keine Angabe,Sehr gut,Gut,Keine Angabe,Wenige Male zum Ausprobieren,"Gar nicht, kenne ich nicht",ca. 1 x pro Woche,ca. 1 x pro Monat,Wenige Male zum Ausprobieren,ca. 1 x pro Woche,ca. 1 x pro Woche,"Gar nicht, kenne ich nicht",männich,51 - 65,"iOS, z.B. Apple iPhone",ca. 1 x pro Jahr,ca. 1 x pro Monat,Selten,ca. 1 x pro Monat,Selten,Selten
11/4/2014 19:43:04,Nein,Keine Angabe,Keine Angabe,Keine Angabe,Keine Angabe,Keine Angabe,Keine Angabe,Keine Angabe,Keine Angabe,"Gar nicht, kenne ich nicht","Gar nicht, kenne ich nicht","Gar nicht, kenne ich nicht","Gar nicht, kenne ich nicht","Gar nicht, kenne ich nicht","Gar nicht, kenne ich nicht","Gar nicht, kenne ich nicht","Gar nicht, kenne ich nicht",männich,36 - 50,,,,,,,mehrmals pro Monat
11/12/2014 22:09:51,Ja,Sehr gut,Keine Angabe,Gut,Keine Angabe,Keine Angabe,Sehr gut,Sehr gut,Keine Angabe,Wenige Male zum Ausprobieren,"Gar nicht, interessiert mich nicht",ca. 1 x pro Monat,"Gar nicht, kenne ich nicht","Gar nicht, interessiert mich nicht",ca. 1 x pro Tag,mehrmals täglich,"Gar nicht, interessiert mich nicht",männich,26 - 35,"Android, z.B. Samsung Galaxy",ca. 1 x pro Jahr,ca. 1 x pro Jahr,ca. 1 x pro Jahr,ca. 1 x pro Monat,ca. 1 x pro Monat,ca. 1 x pro Monat
